Nivå;Kode;Beskrivelse;Registrerbar;Farlig
1;01;"Avfall fra leting, utvinning ved gruvedrift og i steinbrudd og fysisk og kjemisk behandling av mineraler";Ja;Nei
Nivå;Kode;Beskrivelse;Registrerbar;Farlig
2;0101;"Avfall fra utvinning av mineraler";Ja;Nei
Nivå;Kode;Beskrivelse;Registrerbar;Farlig
3;010101;"Avfall fra utvinning av metallholdige mineraler";Ja;Nei
Nivå;Kode;Beskrivelse;Registrerbar;Farlig
3;010102;"Avfall fra utvinning av ikke-metallholdige mineraler";Ja;Nei
Nivå;Kode;Beskrivelse;Registrerbar;Farlig
2;0102;"UTGÅTT: AVFALL FRA OPPARBEIDING AV MINERALER";Nei;Nei
Nivå;Kode;Beskrivelse;Registrerbar;Farlig
3;010201;"Utgått: §4.2)Avfall fra opparbeiding av metalliske mineraler";Nei;Nei
Nivå;Kode;Beskrivelse;Registrerbar;Farlig
3;010202;"Utgått: §4.2)Avfall fra opparbeiding av ikke-metalliske mineraler";Nei;Nei
Nivå;Kode;Beskrivelse;Registrerbar;Farlig
2;0103;"Avfall fra fysisk og kjemisk bearbeiding av metallholdige mineraler";Ja;Nei
Nivå;Kode;Beskrivelse;Registrerbar;Farlig
3;010301;"Utgått: §4.2)Avgang, gråberg";Nei;Nei
Nivå;Kode;Beskrivelse;Registrerbar;Farlig
3;010302;"Utgått: §4.2)Støvavfall og pulver";Nei;Nei
Nivå;Kode;Beskrivelse;Registrerbar;Farlig
3;010303;"Utgått: §4.2)Rødslam fra aluminiumsproduksjon";Nei;Nei
Nivå;Kode;Beskrivelse;Registrerbar;Farlig
3;010304;"Syredannende avgangsmasse fra bearbeiding av sulfidholdig malm";Ja;Ja
Nivå;Kode;Beskrivelse;Registrerbar;Farlig
3;010305;"Annen avgangsmasse som inneholder farlige stoffer";Ja;Ja
Nivå;Kode;Beskrivelse;Registrerbar;Farlig
3;010306;"Annen avgangsmasse enn den nevnt i 01 03 04 og 01 03 05";Ja;Nei
Nivå;Kode;Beskrivelse;Registrerbar;Farlig
3;010307;"Annet avfall som inneholder farlige stoffer fra fysisk og kjemisk bearbeiding av metallholdige mineraler";Ja;Ja
Nivå;Kode;Beskrivelse;Registrerbar;Farlig
3;010308;"Annet støv- og pulveravfall enn det nevnt i 01 03 07";Ja;Nei
Nivå;Kode;Beskrivelse;Registrerbar;Farlig
3;010309;"Rødslam fra aluminiumsproduksjon som er ikke er nevnt i 01 03 07";Ja;Nei
Nivå;Kode;Beskrivelse;Registrerbar;Farlig
3;010310;"Rødslam fra aluminiumsproduksjon som inneholder farlige stoffer annet enn avfall nevnt i 010307";Ja;Ja
Nivå;Kode;Beskrivelse;Registrerbar;Farlig
3;010399;"Avfall som ikke er spesifisert andre steder";Ja;Nei
Nivå;Kode;Beskrivelse;Registrerbar;Farlig
2;0104;"Avfall fra fysisk og kjemisk bearbeiding av ikke-metallholdige mineraler";Ja;Nei
Nivå;Kode;Beskrivelse;Registrerbar;Farlig
3;010401;"Utgått: §4.2)Avfall av singel og knust stein";Nei;Nei
Nivå;Kode;Beskrivelse;Registrerbar;Farlig
3;010402;"Utgått: §4.2)Sand- og leireavfall";Nei;Nei
Nivå;Kode;Beskrivelse;Registrerbar;Farlig
3;010403;"Utgått: §4.2)Støvavfall og pulver";Nei;Nei
Nivå;Kode;Beskrivelse;Registrerbar;Farlig
3;010404;"Utgått: §4.2)Avfall fra behandling av kaliumkarbonat og mineralsalter";Nei;Nei
Nivå;Kode;Beskrivelse;Registrerbar;Farlig
3;010405;"Utgått: §4.2)Avfall fra vasking og opparbeiding av mineraler";Nei;Nei
Nivå;Kode;Beskrivelse;Registrerbar;Farlig
3;010406;"Utgått: §4.2)Avfall fra steinskjæring og -saging";Nei;Nei
Nivå;Kode;Beskrivelse;Registrerbar;Farlig
3;010407;"Avfall som inneholder farlige stoffer fra fysisk og kjemisk bearbeiding av ikke-metallholdige mineraler";Ja;Ja
Nivå;Kode;Beskrivelse;Registrerbar;Farlig
3;010408;"Annet avfall av grus og knust stein enn det nevnt i 01 04 07";Ja;Nei
Nivå;Kode;Beskrivelse;Registrerbar;Farlig
3;010409;"Sand- og leireavfall";Ja;Nei
Nivå;Kode;Beskrivelse;Registrerbar;Farlig
3;010410;"Annet støv- og pulveravfall enn det nevnt i 01 04 07";Ja;Nei
Nivå;Kode;Beskrivelse;Registrerbar;Farlig
3;010411;"Annet avfall fra behandling av kaliumkarbonat og mineralsalter enn det nevnt i 01 04 07";Ja;Nei
Nivå;Kode;Beskrivelse;Registrerbar;Farlig
3;010412;"Annen avgangsmasse og annet avfall fra vasking og rensing av mineraler enn den/det nevnt i 01 04 07 og 01 04 11";Ja;Nei
Nivå;Kode;Beskrivelse;Registrerbar;Farlig
3;010413;"Annet avfall fra hogging og saging av stein enn det nevnt i 01 04 07";Ja;Nei
Nivå;Kode;Beskrivelse;Registrerbar;Farlig
3;010499;"Avfall som ikke er spesifisert andre steder";Ja;Nei
Nivå;Kode;Beskrivelse;Registrerbar;Farlig
2;0105;"Borevæske og annet boreavfall";Ja;Nei
Nivå;Kode;Beskrivelse;Registrerbar;Farlig
3;010501;"Utgått: §4.2)Oljeholdig slam og boreavfall";Nei;Nei
Nivå;Kode;Beskrivelse;Registrerbar;Farlig
3;010502;"Utgått: §4.2)Baryttholdig slam og boreavfall";Nei;Nei
Nivå;Kode;Beskrivelse;Registrerbar;Farlig
3;010503;"Utgått: §4.2)Kloridholdig slam og boreavfall";Nei;Nei
Nivå;Kode;Beskrivelse;Registrerbar;Farlig
3;010504;"Ferskvannsholdig borevæske og boreavfall";Ja;Nei
Nivå;Kode;Beskrivelse;Registrerbar;Farlig
3;010505;"Oljeholdig borevæske og boreavfall";Ja;Ja
Nivå;Kode;Beskrivelse;Registrerbar;Farlig
3;010506;"Borevæske og annet boreavfall som inneholder farlige stoffer";Ja;Ja
Nivå;Kode;Beskrivelse;Registrerbar;Farlig
3;010507;"Annen baryttholdig borevæske og annet baryttholdig boreavfall enn den/det nevnt i 01 05 05 og 01 05 06";Ja;Nei
Nivå;Kode;Beskrivelse;Registrerbar;Farlig
3;010508;"Annen kloridholdig borevæske og annet kloridholdig boreavfall enn den/det nevnt i 01 05 05 og 01 05 06";Ja;Nei
Nivå;Kode;Beskrivelse;Registrerbar;Farlig
3;010599;"Avfall som ikke er spesifisert andre steder ";Ja;Nei
Nivå;Kode;Beskrivelse;Registrerbar;Farlig
1;02;"Avfall fra jordbruk, hagebruk, akvakultur, skogbruk, jakt og fiske samt produksjon og bearbeiding av næringsmidler";Ja;Nei
Nivå;Kode;Beskrivelse;Registrerbar;Farlig
2;0201;"Avfall fra jordbruk, hagebruk, akvakultur, skogbruk, jakt og fiske";Ja;Nei
Nivå;Kode;Beskrivelse;Registrerbar;Farlig
3;020101;"Slam fra vasking og rensing";Ja;Nei
Nivå;Kode;Beskrivelse;Registrerbar;Farlig
3;020102;"Animalsk avfall";Ja;Nei
Nivå;Kode;Beskrivelse;Registrerbar;Farlig
3;020103;"Planteavfall";Ja;Nei
Nivå;Kode;Beskrivelse;Registrerbar;Farlig
3;020104;"Plastavfall (unntatt emballasje)";Ja;Nei
Nivå;Kode;Beskrivelse;Registrerbar;Farlig
3;020105;"Utgått: Landbrukskjemisk avfall";Nei;Nei
Nivå;Kode;Beskrivelse;Registrerbar;Farlig
3;020106;"Dyreavføring, dyreurin og husdyrgjødsel (herunder forurenset halm), avløpsvann, innsamlet separat og behandlet eksternt";Ja;Nei
Nivå;Kode;Beskrivelse;Registrerbar;Farlig
3;020107;"Avfall fra skogbruk";Ja;Nei
Nivå;Kode;Beskrivelse;Registrerbar;Farlig
3;020108;"Landbrukskjemisk avfall som inneholder farlige stoffer";Ja;Ja
Nivå;Kode;Beskrivelse;Registrerbar;Farlig
3;020109;"Annet landbrukskjemisk avfall enn det nevnt i 02 01 08";Ja;Nei
Nivå;Kode;Beskrivelse;Registrerbar;Farlig
3;020110;"Metallavfall";Ja;Nei
Nivå;Kode;Beskrivelse;Registrerbar;Farlig
3;020199;"Avfall som ikke er spesifisert andre steder";Ja;Nei
Nivå;Kode;Beskrivelse;Registrerbar;Farlig
2;0202;"Avfall fra tilberedning og bearbeiding av kjøtt, fisk og andre næringsmidler av animalsk opprinnelse";Ja;Nei
Nivå;Kode;Beskrivelse;Registrerbar;Farlig
3;020201;"Slam fra vasking og rengjøring";Ja;Nei
Nivå;Kode;Beskrivelse;Registrerbar;Farlig
3;020202;"Animalsk avfall";Ja;Nei
Nivå;Kode;Beskrivelse;Registrerbar;Farlig
3;020203;"Materiale som er uegnet som næringsmidler eller til bearbeiding";Ja;Nei
Nivå;Kode;Beskrivelse;Registrerbar;Farlig
3;020204;"Slam fra behandling av avløpsvann på stedet";Ja;Nei
Nivå;Kode;Beskrivelse;Registrerbar;Farlig
3;020299;"Avfall som ikke er spesifisert andre steder";Ja;Nei
Nivå;Kode;Beskrivelse;Registrerbar;Farlig
2;0203;"Avfall fra tilberedning og bearbeiding av frukt, grønnsaker, korn, matoljer, kakao, kaffe, te og tobakk; produksjon av konserver; produksjon av gjær og gjærekstrakt, tilberedning og gjæring av melasse";Ja;Nei
Nivå;Kode;Beskrivelse;Registrerbar;Farlig
3;020301;"Slam fra vasking, rengjøring, skrelling, sentrifugering og separering";Ja;Nei
Nivå;Kode;Beskrivelse;Registrerbar;Farlig
3;020302;"Avfall fra konserveringsmidler";Ja;Nei
Nivå;Kode;Beskrivelse;Registrerbar;Farlig
3;020303;"Avfall fra ekstraksjon ved hjelp av løsemidler";Ja;Nei
Nivå;Kode;Beskrivelse;Registrerbar;Farlig
3;020304;"Materiale som er uegnet som næringsmidler eller til bearbeiding";Ja;Nei
Nivå;Kode;Beskrivelse;Registrerbar;Farlig
3;020305;"Slam fra behandling av avløpsvann på produksjonsstedet";Ja;Nei
Nivå;Kode;Beskrivelse;Registrerbar;Farlig
3;020399;"Avfall som ikke er spesifisert andre steder";Ja;Nei
Nivå;Kode;Beskrivelse;Registrerbar;Farlig
2;0204;"Avfall fra sukkerproduksjon";Ja;Nei
Nivå;Kode;Beskrivelse;Registrerbar;Farlig
3;020401;"Jord fra rengjøring og vasking av sukkerbeter";Ja;Nei
Nivå;Kode;Beskrivelse;Registrerbar;Farlig
3;020402;"Frasortert kalsiumkarbonat";Ja;Nei
Nivå;Kode;Beskrivelse;Registrerbar;Farlig
3;020403;"Slam fra behandling av avløpsvann på produksjonsstedet";Ja;Nei
Nivå;Kode;Beskrivelse;Registrerbar;Farlig
3;020499;"Avfall som ikke er spesifisert andre steder";Ja;Nei
Nivå;Kode;Beskrivelse;Registrerbar;Farlig
2;0205;"Avfall fra meieriindustri";Ja;Nei
Nivå;Kode;Beskrivelse;Registrerbar;Farlig
3;020501;"Materiale som er uegnet som næringsmidler eller til bearbeiding";Ja;Nei
Nivå;Kode;Beskrivelse;Registrerbar;Farlig
3;020502;"Slam fra behandling av avløpsvann på produksjonsstedet";Ja;Nei
Nivå;Kode;Beskrivelse;Registrerbar;Farlig
3;020599;"Avfall som ikke er spesifisert andre steder";Ja;Nei
Nivå;Kode;Beskrivelse;Registrerbar;Farlig
2;0206;"Avfall fra bakeri- og sukkervareindustri";Ja;Nei
Nivå;Kode;Beskrivelse;Registrerbar;Farlig
3;020601;"Materiale som er uegnet som næringsmidler eller til bearbeiding";Ja;Nei
Nivå;Kode;Beskrivelse;Registrerbar;Farlig
3;020602;"Avfall fra konserveringsmidler";Ja;Nei
Nivå;Kode;Beskrivelse;Registrerbar;Farlig
3;020603;"Slam fra behandling av avløpsvann på produksjonsstedet";Ja;Nei
Nivå;Kode;Beskrivelse;Registrerbar;Farlig
3;020699;"Avfall som ikke er spesifisert andre steder";Ja;Nei
Nivå;Kode;Beskrivelse;Registrerbar;Farlig
2;0207;"Avfall fra produksjon av alkoholholdige og alkoholfrie drikkevarer (unntatt kaffe, te og kakao)";Ja;Nei
Nivå;Kode;Beskrivelse;Registrerbar;Farlig
3;020701;"Avfall fra vasking, rengjøring og mekanisk reduksjon av råvarer";Ja;Nei
Nivå;Kode;Beskrivelse;Registrerbar;Farlig
3;020702;"Avfall fra alkoholdestillasjon";Ja;Nei
Nivå;Kode;Beskrivelse;Registrerbar;Farlig
3;020703;"Avfall fra kjemisk behandling";Ja;Nei
Nivå;Kode;Beskrivelse;Registrerbar;Farlig
3;020704;"Materiale som er uegnet som næringsmidler eller til bearbeiding";Ja;Nei
Nivå;Kode;Beskrivelse;Registrerbar;Farlig
3;020705;"Slam fra behandling av avløpsvann på produksjonsstedet";Ja;Nei
Nivå;Kode;Beskrivelse;Registrerbar;Farlig
3;020799;"Avfall som ikke er spesifisert andre steder";Ja;Nei
Nivå;Kode;Beskrivelse;Registrerbar;Farlig
1;03;"Avfall fra treindustri og produksjon av plater og møbler, papirmasse, papir og papp/kartong";Ja;Nei
Nivå;Kode;Beskrivelse;Registrerbar;Farlig
2;0301;"Avfall fra treindustri og produksjon av plater og møbler";Ja;Nei
Nivå;Kode;Beskrivelse;Registrerbar;Farlig
3;030101;"Bark- og korkavfall";Ja;Nei
Nivå;Kode;Beskrivelse;Registrerbar;Farlig
3;030102;"Utgått: §4.2)Sagflis";Nei;Nei
Nivå;Kode;Beskrivelse;Registrerbar;Farlig
3;030103;"Utgått: §4.2)Spon, kapp, treavfall, avfall fra sponplater og finerplater";Nei;Nei
Nivå;Kode;Beskrivelse;Registrerbar;Farlig
3;030104;"Sagflis, spon, kapp, tre, sponplater og finér som inneholder farlige stoffer";Ja;Ja
Nivå;Kode;Beskrivelse;Registrerbar;Farlig
3;030105;"Annen sagflis, spon, kapp, tre, sponplater og finér enn det nevnt i 03 01 04";Ja;Nei
Nivå;Kode;Beskrivelse;Registrerbar;Farlig
3;030199;"Avfall som ikke er spesifisert andre steder";Ja;Nei
Nivå;Kode;Beskrivelse;Registrerbar;Farlig
2;0302;"Avfall fra treimpregnering";Ja;Nei
Nivå;Kode;Beskrivelse;Registrerbar;Farlig
3;030201;"Ikke-halogenerte organiske treimpregneringsmidler";Ja;Ja
Nivå;Kode;Beskrivelse;Registrerbar;Farlig
3;030202;"Klororganiske treimpregneringsmidler";Ja;Ja
Nivå;Kode;Beskrivelse;Registrerbar;Farlig
3;030203;"Metallorganiske treimpregneringsmidler";Ja;Ja
Nivå;Kode;Beskrivelse;Registrerbar;Farlig
3;030204;"Uorganiske treimpregneringsmidler";Ja;Ja
Nivå;Kode;Beskrivelse;Registrerbar;Farlig
3;030205;"Andre treimpregneringsmidler som inneholder farlige stoffer";Ja;Ja
Nivå;Kode;Beskrivelse;Registrerbar;Farlig
3;030299;"Treimpregneringsmidler som ikke er spesifisert andre steder";Ja;Nei
Nivå;Kode;Beskrivelse;Registrerbar;Farlig
2;0303;"Avfall fra produksjon og bearbeiding av papir, papp/kartong og papirmasse";Ja;Nei
Nivå;Kode;Beskrivelse;Registrerbar;Farlig
3;030301;"Bark- og treavfall";Ja;Nei
Nivå;Kode;Beskrivelse;Registrerbar;Farlig
3;030302;"Grønnlutslam (fra gjenvinning av kokevæske)";Ja;Nei
Nivå;Kode;Beskrivelse;Registrerbar;Farlig
3;030303;"Utgått: §4.2)Blekeslam fra hypokloritt- og klorprosesser";Nei;Nei
Nivå;Kode;Beskrivelse;Registrerbar;Farlig
3;030304;"Utgått: §4.2)Blekeslam fra andre blekeprosesser";Nei;Nei
Nivå;Kode;Beskrivelse;Registrerbar;Farlig
3;030305;"Avsvertingsslam fra gjenvinning av papir";Ja;Nei
Nivå;Kode;Beskrivelse;Registrerbar;Farlig
3;030306;"Utgått: §4.2)Papir- og fiberslam";Nei;Nei
Nivå;Kode;Beskrivelse;Registrerbar;Farlig
3;030307;"Mekanisk separerte rester fra oppmaling av papir- og papp-/kartongavfall";Ja;Nei
Nivå;Kode;Beskrivelse;Registrerbar;Farlig
3;030308;"Avfall fra sortering av papir og papp/kartong til gjenvinning";Ja;Nei
Nivå;Kode;Beskrivelse;Registrerbar;Farlig
3;030309;"Avfall av kalkslam";Ja;Nei
Nivå;Kode;Beskrivelse;Registrerbar;Farlig
3;030310;"Fiberavfall, fiberslam og slam av fyllstoff og bestrykningsmaterialer fra mekanisk separering";Ja;Nei
Nivå;Kode;Beskrivelse;Registrerbar;Farlig
3;030311;"Annet slam fra behandling av avløpsvann på produksjonsstedet enn det nevnt i 03 03 10";Ja;Nei
Nivå;Kode;Beskrivelse;Registrerbar;Farlig
3;030399;"Avfall som ikke er spesifisert andre steder ";Ja;Nei
Nivå;Kode;Beskrivelse;Registrerbar;Farlig
1;04;"Avfall fra lærvare-, pelsverk- og tekstilindustrien";Ja;Nei
Nivå;Kode;Beskrivelse;Registrerbar;Farlig
2;0401;"Avfall fra lærvare- og pelsverkindustrien";Ja;Nei
Nivå;Kode;Beskrivelse;Registrerbar;Farlig
3;040101;"Avfall fra skaving og spalting";Ja;Nei
Nivå;Kode;Beskrivelse;Registrerbar;Farlig
3;040102;"Avfall fra kalkluting";Ja;Nei
Nivå;Kode;Beskrivelse;Registrerbar;Farlig
3;040103;"Avfettingsavfall som inneholder løsemidler uten flytende fase";Ja;Ja
Nivå;Kode;Beskrivelse;Registrerbar;Farlig
3;040104;"Kromholdig garvevæske";Ja;Nei
Nivå;Kode;Beskrivelse;Registrerbar;Farlig
3;040105;"Ikke-kromholdig garvevæske";Ja;Nei
Nivå;Kode;Beskrivelse;Registrerbar;Farlig
3;040106;"Kromholdig slam, særlig fra behandling av avløpsvann på produksjonsstedet";Ja;Nei
Nivå;Kode;Beskrivelse;Registrerbar;Farlig
3;040107;"Ikke-kromholdig slam, særlig fra behandling av avløpsvann på produksjonsstedet";Ja;Nei
Nivå;Kode;Beskrivelse;Registrerbar;Farlig
3;040108;"Kromholdig avfall av garvet lær (blåspalting, skav, avskjær, poleringsstøv)";Ja;Nei
Nivå;Kode;Beskrivelse;Registrerbar;Farlig
3;040109;"Avfall fra beredning og ferdigbehandling";Ja;Nei
Nivå;Kode;Beskrivelse;Registrerbar;Farlig
3;040199;"Avfall som ikke er spesifisert andre steder";Ja;Nei
Nivå;Kode;Beskrivelse;Registrerbar;Farlig
2;0402;"Avfall fra tekstilindustrien";Ja;Nei
Nivå;Kode;Beskrivelse;Registrerbar;Farlig
3;040201;"Utgått: §4.2)Avfall fra ubearbeidede tekstilfibre og andre naturlige fiberstoffer av hovedsakelig vegetabilsk opprinnelse";Nei;Nei
Nivå;Kode;Beskrivelse;Registrerbar;Farlig
3;040202;"Utgått: §4.2)Avfall fra ubearbeidede tekstilfibre av hovedsakelig animalsk opprinnelse";Nei;Nei
Nivå;Kode;Beskrivelse;Registrerbar;Farlig
3;040203;"Utgått: §4.2)Avfall fra ubearbeidede tekstilfibre av hovedsakelig kunstig eller syntetisk opprinnelse";Nei;Nei
Nivå;Kode;Beskrivelse;Registrerbar;Farlig
3;040204;"Utgått: §4.2)Avfall fra ubearbeidede tekstilfibre blandet før spinning og veving";Nei;Nei
Nivå;Kode;Beskrivelse;Registrerbar;Farlig
3;040205;"Utgått: §4.2)Avfall fra bearbeidede tekstilfibre av hovedsakelig vegetabilsk opprinnelse";Nei;Nei
Nivå;Kode;Beskrivelse;Registrerbar;Farlig
3;040206;"Utgått: §4.2)Avfall fra bearbeidede tekstilfibre av hovedsakelig animalsk opprinnelse";Nei;Nei
Nivå;Kode;Beskrivelse;Registrerbar;Farlig
3;040207;"Utgått: §4.2)Avfall fra bearbeidede tekstilfibre av hovedsakelig kunstig eller syntetisk opprinnelse";Nei;Nei
Nivå;Kode;Beskrivelse;Registrerbar;Farlig
3;040208;"Utgått: §4.2)Avfall fra bearbeidede tekstilfibre i blanding";Nei;Nei
Nivå;Kode;Beskrivelse;Registrerbar;Farlig
3;040209;"Avfall av komposittmaterialer (impregnerte tekstiler, elastomer, plastomer)";Ja;Nei
Nivå;Kode;Beskrivelse;Registrerbar;Farlig
3;040210;"Organiske stoffer av naturprodukter (for eksempel fett, voks)";Ja;Nei
Nivå;Kode;Beskrivelse;Registrerbar;Farlig
3;040211;"Utgått: Halogenert avfall fra beredning og ferdiggjøring";Nei;Nei
Nivå;Kode;Beskrivelse;Registrerbar;Farlig
3;040212;"Utgått: §4.2)Ikke-halogenert avfall fra beredning og ferdiggjøring";Nei;Nei
Nivå;Kode;Beskrivelse;Registrerbar;Farlig
3;040213;"Utgått: Fargestoffer og pigmenter (som inneholder tungmetaller)";Nei;Nei
Nivå;Kode;Beskrivelse;Registrerbar;Farlig
3;040214;"Avfall fra etterbehandling som inneholder organiske løsemidler";Ja;Ja
Nivå;Kode;Beskrivelse;Registrerbar;Farlig
3;040215;"Annet avfall fra etterbehandling enn det nevnt i 04 02 14";Ja;Nei
Nivå;Kode;Beskrivelse;Registrerbar;Farlig
3;040216;"Fargestoffer og pigmenter som inneholder farlige stoffer";Ja;Ja
Nivå;Kode;Beskrivelse;Registrerbar;Farlig
3;040217;"Andre fargestoffer og pigmenter enn dem nevnt i 04 02 16";Ja;Nei
Nivå;Kode;Beskrivelse;Registrerbar;Farlig
3;040219;"Slam fra behandling av avløpsvann på produksjonsstedet som inneholder farlige stoffer";Ja;Ja
Nivå;Kode;Beskrivelse;Registrerbar;Farlig
3;040220;"Annet slam fra behandling av avløpsvann på produksjonsstedet enn det nevnt i 04 02 19";Ja;Nei
Nivå;Kode;Beskrivelse;Registrerbar;Farlig
3;040221;"Avfall av ubearbeidede tekstilfibrer";Ja;Nei
Nivå;Kode;Beskrivelse;Registrerbar;Farlig
3;040222;"Avfall av bearbeidede tekstilfibrer";Ja;Nei
Nivå;Kode;Beskrivelse;Registrerbar;Farlig
3;040299;"Avfall som ikke er spesifisert andre steder";Ja;Nei
Nivå;Kode;Beskrivelse;Registrerbar;Farlig
1;05;"Avfall fra oljeraffinering, rensing av naturgass og pyrolytisk behandling av kull";Ja;Nei
Nivå;Kode;Beskrivelse;Registrerbar;Farlig
2;0501;"Avfall fra oljeraffinering";Ja;Nei
Nivå;Kode;Beskrivelse;Registrerbar;Farlig
3;050101;"Utgått: Slam fra lokal behandling av avløpsvann";Nei;Nei
Nivå;Kode;Beskrivelse;Registrerbar;Farlig
3;050102;"Avsaltingsslam";Ja;Ja
Nivå;Kode;Beskrivelse;Registrerbar;Farlig
3;050103;"Bunnslam fra tanker";Ja;Ja
Nivå;Kode;Beskrivelse;Registrerbar;Farlig
3;050104;"Alkylsyreslam";Ja;Ja
Nivå;Kode;Beskrivelse;Registrerbar;Farlig
3;050105;"Oljespill";Ja;Ja
Nivå;Kode;Beskrivelse;Registrerbar;Farlig
3;050106;"Oljeholdig slam fra vedlikeholdsarbeid på anlegg eller utstyr";Ja;Ja
Nivå;Kode;Beskrivelse;Registrerbar;Farlig
3;050107;"Syreholdig tjære";Ja;Ja
Nivå;Kode;Beskrivelse;Registrerbar;Farlig
3;050108;"Annen tjære";Ja;Ja
Nivå;Kode;Beskrivelse;Registrerbar;Farlig
3;050109;"Slam fra behandling av avløpsvann på produksjonsstedet som inneholder farlige stoffer";Ja;Ja
Nivå;Kode;Beskrivelse;Registrerbar;Farlig
3;050110;"Annet slam fra behandling av avløpsvann på produksjonsstedet enn det nevnt i 05 01 09";Ja;Nei
Nivå;Kode;Beskrivelse;Registrerbar;Farlig
3;050111;"Avfall fra behandling av brennstoff med baser";Ja;Ja
Nivå;Kode;Beskrivelse;Registrerbar;Farlig
3;050112;"Syreholdig olje";Ja;Ja
Nivå;Kode;Beskrivelse;Registrerbar;Farlig
3;050113;"Slam fra behandling av tilførselsvann til kjeler";Ja;Nei
Nivå;Kode;Beskrivelse;Registrerbar;Farlig
3;050114;"Avfall fra kjølekolonner";Ja;Nei
Nivå;Kode;Beskrivelse;Registrerbar;Farlig
3;050115;"Brukte filtreringsleirer";Ja;Ja
Nivå;Kode;Beskrivelse;Registrerbar;Farlig
3;050116;"Svovelholdig avfall fra avsvovling av olje";Ja;Nei
Nivå;Kode;Beskrivelse;Registrerbar;Farlig
3;050117;"Bitumen";Ja;Nei
Nivå;Kode;Beskrivelse;Registrerbar;Farlig
3;050199;"Avfall som ikke er spesifisert andre steder";Ja;Nei
Nivå;Kode;Beskrivelse;Registrerbar;Farlig
2;0502;"UTGÅTT: IKKE-OLJEHOLDIG SLAM OG FAST AVFALL";Nei;Nei
Nivå;Kode;Beskrivelse;Registrerbar;Farlig
3;050201;"Utgått: §4.2)Slam fra behandling av tilførselsvann til kjeler";Nei;Nei
Nivå;Kode;Beskrivelse;Registrerbar;Farlig
3;050202;"Utgått: §4.2)Avfall fra kjølekolonner";Nei;Nei
Nivå;Kode;Beskrivelse;Registrerbar;Farlig
3;050299;"Utgått: §4.2)Annet ikke spesifisert avfall";Nei;Nei
Nivå;Kode;Beskrivelse;Registrerbar;Farlig
2;0503;"UTGÅTT: BRUKTE KATALYSATORER";Nei;Nei
Nivå;Kode;Beskrivelse;Registrerbar;Farlig
3;050301;"Utgått: §4.2)Brukte katalysatorer med edelmetaller";Nei;Nei
Nivå;Kode;Beskrivelse;Registrerbar;Farlig
3;050302;"Utgått: Andre brukte katalysatorer (som inneholder tungmetaller)";Nei;Nei
Nivå;Kode;Beskrivelse;Registrerbar;Farlig
2;0504;"UTGÅTT: BRUKTE FILTRERINGSLEIRER";Nei;Nei
Nivå;Kode;Beskrivelse;Registrerbar;Farlig
3;050401;"Utgått: Brukte filtreringsleirer";Nei;Nei
Nivå;Kode;Beskrivelse;Registrerbar;Farlig
2;0505;"UTGÅTT: AVFALL FRA AVSVOVLING AV OLJE";Nei;Nei
Nivå;Kode;Beskrivelse;Registrerbar;Farlig
3;050501;"Utgått: §4.2)Svovelholdig avfall";Nei;Nei
Nivå;Kode;Beskrivelse;Registrerbar;Farlig
3;050599;"Utgått: §4.2)Annet ikke spesifisert avfall";Nei;Nei
Nivå;Kode;Beskrivelse;Registrerbar;Farlig
2;0506;"Avfall fra pyrolytisk behandling av kull";Ja;Nei
Nivå;Kode;Beskrivelse;Registrerbar;Farlig
3;050601;"Syreholdig tjære";Ja;Ja
Nivå;Kode;Beskrivelse;Registrerbar;Farlig
3;050602;"Utgått: §4.2)Asfalt";Nei;Nei
Nivå;Kode;Beskrivelse;Registrerbar;Farlig
3;050603;"Annen tjære";Ja;Ja
Nivå;Kode;Beskrivelse;Registrerbar;Farlig
3;050604;"Avfall fra kjølekolonner";Ja;Nei
Nivå;Kode;Beskrivelse;Registrerbar;Farlig
3;050699;"Avfall som ikke er spesifisert andre steder";Ja;Nei
Nivå;Kode;Beskrivelse;Registrerbar;Farlig
2;0507;"Avfall fra rensing og transport av naturgass";Ja;Nei
Nivå;Kode;Beskrivelse;Registrerbar;Farlig
3;050701;"Kvikksølvholdig avfall";Ja;Ja
Nivå;Kode;Beskrivelse;Registrerbar;Farlig
3;050702;"Svovelholdig avfall";Ja;Nei
Nivå;Kode;Beskrivelse;Registrerbar;Farlig
3;050799;"Avfall som ikke er spesifisert andre steder";Ja;Nei
Nivå;Kode;Beskrivelse;Registrerbar;Farlig
2;0508;"UTGÅTT: AVFALL FRA OLJEREGENERERING";Nei;Nei
Nivå;Kode;Beskrivelse;Registrerbar;Farlig
3;050801;"Utgått: Brukte filtreringsleirer";Nei;Nei
Nivå;Kode;Beskrivelse;Registrerbar;Farlig
3;050802;"Utgått: Syreholdig tjære";Nei;Nei
Nivå;Kode;Beskrivelse;Registrerbar;Farlig
3;050803;"Utgått: Annen tjære";Nei;Nei
Nivå;Kode;Beskrivelse;Registrerbar;Farlig
3;050804;"Utgått: Flytende vandig avfall fra oljeregenerering";Nei;Nei
Nivå;Kode;Beskrivelse;Registrerbar;Farlig
3;050899;"Utgått: §4.2)Annet ikke spesifisert avfall";Nei;Nei
Nivå;Kode;Beskrivelse;Registrerbar;Farlig
1;06;"Avfall fra uorganiske kjemiske prosesser";Ja;Nei
Nivå;Kode;Beskrivelse;Registrerbar;Farlig
2;0601;"Avfall fra produksjon, bearbeiding, distribusjon og bruk (PBDB) av syrer";Ja;Nei
Nivå;Kode;Beskrivelse;Registrerbar;Farlig
3;060101;"Svovelsyre og svovelholdige syrer";Ja;Ja
Nivå;Kode;Beskrivelse;Registrerbar;Farlig
3;060102;"Saltsyre";Ja;Ja
Nivå;Kode;Beskrivelse;Registrerbar;Farlig
3;060103;"Hydrogenfluorid";Ja;Ja
Nivå;Kode;Beskrivelse;Registrerbar;Farlig
3;060104;"Fosforsyre og fosforholdige syrer";Ja;Ja
Nivå;Kode;Beskrivelse;Registrerbar;Farlig
3;060105;"Salpetersyre og nitrogenholdige syrer";Ja;Ja
Nivå;Kode;Beskrivelse;Registrerbar;Farlig
3;060106;"Andre syrer";Ja;Ja
Nivå;Kode;Beskrivelse;Registrerbar;Farlig
3;060199;"Avfall som ikke er spesifisert andre steder";Ja;Nei
Nivå;Kode;Beskrivelse;Registrerbar;Farlig
2;0602;"Avfall fra PBDB av baser";Ja;Nei
Nivå;Kode;Beskrivelse;Registrerbar;Farlig
3;060201;"Kalsiumhydroksid";Ja;Ja
Nivå;Kode;Beskrivelse;Registrerbar;Farlig
3;060202;"Utgått: Natriumhydroksid (og kaliumhydroksid)";Nei;Nei
Nivå;Kode;Beskrivelse;Registrerbar;Farlig
3;060203;"Ammoniumhydroksid";Ja;Ja
Nivå;Kode;Beskrivelse;Registrerbar;Farlig
3;060204;"Natrium- og kaliumhydroksid";Ja;Ja
Nivå;Kode;Beskrivelse;Registrerbar;Farlig
3;060205;"Andre baser";Ja;Ja
Nivå;Kode;Beskrivelse;Registrerbar;Farlig
3;060299;"Avfall som ikke er spesifisert andre steder ";Ja;Nei
Nivå;Kode;Beskrivelse;Registrerbar;Farlig
2;0603;"Avfall fra PBDB av salter og saltløsninger og av metalloksider";Ja;Nei
Nivå;Kode;Beskrivelse;Registrerbar;Farlig
3;060301;"Utgått: §4.2)Karbonater (unntatt 02 04 02 og 19 10 03)";Nei;Nei
Nivå;Kode;Beskrivelse;Registrerbar;Farlig
3;060302;"Utgått: §4.2)Saltløsninger som inneholder sulfater, sulfitter eller sulfider";Nei;Nei
Nivå;Kode;Beskrivelse;Registrerbar;Farlig
3;060303;"Utgått: §4.2)Faste salter som inneholder sulfater, sulfitter eller sulfider";Nei;Nei
Nivå;Kode;Beskrivelse;Registrerbar;Farlig
3;060304;"Utgått: §4.2)Saltløsninger som inneholder klorider, fluorider og halogenider";Nei;Nei
Nivå;Kode;Beskrivelse;Registrerbar;Farlig
3;060305;"Utgått: §4.2)Faste salter som inneholder klorider, fluorider eller andre halogenider";Nei;Nei
Nivå;Kode;Beskrivelse;Registrerbar;Farlig
3;060306;"Utgått: §4.2)Saltløsninger som inneholder fosfater og beslektede faste salter";Nei;Nei
Nivå;Kode;Beskrivelse;Registrerbar;Farlig
3;060307;"Utgått: §4.2)Fosfater og beslektede faste salter";Nei;Nei
Nivå;Kode;Beskrivelse;Registrerbar;Farlig
3;060308;"Utgått: §4.2)Saltløsninger som inneholder nitrater og beslektede forbindelser";Nei;Nei
Nivå;Kode;Beskrivelse;Registrerbar;Farlig
3;060309;"Utgått: §4.2)Faste salter som inneholder nitrider (nitrometalliske)";Nei;Nei
Nivå;Kode;Beskrivelse;Registrerbar;Farlig
3;060310;"Utgått: §4.2)Faste salter som inneholder ammonium";Nei;Nei
Nivå;Kode;Beskrivelse;Registrerbar;Farlig
3;060311;"Faste salter og saltløsninger som inneholder cyanider";Ja;Ja
Nivå;Kode;Beskrivelse;Registrerbar;Farlig
3;060312;"Utgått: §4.2)Salter og saltløsninger som inneholder organiske forbindelser";Nei;Nei
Nivå;Kode;Beskrivelse;Registrerbar;Farlig
3;060313;"Faste salter og saltløsninger som inneholder tungmetaller";Ja;Ja
Nivå;Kode;Beskrivelse;Registrerbar;Farlig
3;060314;"Andre faste salter og saltløsninger enn dem nevnt i 06 03 11 og 06 03 13";Ja;Nei
Nivå;Kode;Beskrivelse;Registrerbar;Farlig
3;060315;"Metalloksider som inneholder tungmetaller";Ja;Ja
Nivå;Kode;Beskrivelse;Registrerbar;Farlig
3;060316;"Andre metalloksider enn dem nevnt i 06 03 15";Ja;Nei
Nivå;Kode;Beskrivelse;Registrerbar;Farlig
3;060399;"Avfall som ikke er spesifisert andre steder ";Ja;Nei
Nivå;Kode;Beskrivelse;Registrerbar;Farlig
2;0604;"Annet metallholdig avfall enn det nevnt i 06 03";Ja;Nei
Nivå;Kode;Beskrivelse;Registrerbar;Farlig
3;060401;"Utgått: §4.2)Metalliske oksider";Nei;Nei
Nivå;Kode;Beskrivelse;Registrerbar;Farlig
3;060402;"Utgått: Metalliske salter (unntatt 060300)";Nei;Nei
Nivå;Kode;Beskrivelse;Registrerbar;Farlig
3;060403;"Arsenholdig avfall";Ja;Ja
Nivå;Kode;Beskrivelse;Registrerbar;Farlig
3;060404;"Kvikksølvholdig avfall";Ja;Ja
Nivå;Kode;Beskrivelse;Registrerbar;Farlig
3;060405;"Avfall som inneholder andre tungmetaller";Ja;Ja
Nivå;Kode;Beskrivelse;Registrerbar;Farlig
3;060499;"Avfall som ikke er spesifisert andre steder";Ja;Nei
Nivå;Kode;Beskrivelse;Registrerbar;Farlig
2;0605;"Slam fra behandling av avløpsvann på produksjonsstedet";Ja;Nei
Nivå;Kode;Beskrivelse;Registrerbar;Farlig
3;060501;"Utgått: §4.2)Slam fra lokal behandling av avløpsvann";Nei;Nei
Nivå;Kode;Beskrivelse;Registrerbar;Farlig
3;060502;"Slam fra behandling av avløpsvann på produksjonsstedet som inneholder farlige stoffer";Ja;Ja
Nivå;Kode;Beskrivelse;Registrerbar;Farlig
3;060503;"Annet slam fra behandling av avløpsvann på produksjonsstedet enn det nevnt i 06 05 02";Ja;Nei
Nivå;Kode;Beskrivelse;Registrerbar;Farlig
2;0606;"Avfall fra PBDB av svovelholdige kjemikalier og fra svovelkjemiske prosesser og avsvovlingsprosesser";Ja;Nei
Nivå;Kode;Beskrivelse;Registrerbar;Farlig
3;060601;"Utgått: §4.2)Svovelholdig avfall";Nei;Nei
Nivå;Kode;Beskrivelse;Registrerbar;Farlig
3;060602;"Avfall som inneholder farlige sulfider";Ja;Ja
Nivå;Kode;Beskrivelse;Registrerbar;Farlig
3;060603;"Avfall som inneholder andre sulfider enn dem nevnt i 06 06 02";Ja;Nei
Nivå;Kode;Beskrivelse;Registrerbar;Farlig
3;060699;"Avfall som ikke er spesifisert andre steder";Ja;Nei
Nivå;Kode;Beskrivelse;Registrerbar;Farlig
2;0607;"Avfall fra PBDB av halogener og halogenkjemiske prosesser";Ja;Nei
Nivå;Kode;Beskrivelse;Registrerbar;Farlig
3;060701;"Avfall som inneholder asbest fra elektrolyse";Ja;Ja
Nivå;Kode;Beskrivelse;Registrerbar;Farlig
3;060702;"Aktivt kull brukt til klorproduksjon";Ja;Ja
Nivå;Kode;Beskrivelse;Registrerbar;Farlig
3;060703;"Kvikksølvholdig slam av bariumsulfat";Ja;Ja
Nivå;Kode;Beskrivelse;Registrerbar;Farlig
3;060704;"Løsninger og syrer, for eksempel kontaktsyre";Ja;Ja
Nivå;Kode;Beskrivelse;Registrerbar;Farlig
3;060799;"Avfall som ikke er spesifisert andre steder";Ja;Nei
Nivå;Kode;Beskrivelse;Registrerbar;Farlig
2;0608;"Avfall fra PBDB av silisium og silisiumderivater";Ja;Nei
Nivå;Kode;Beskrivelse;Registrerbar;Farlig
3;060801;"Utgått: §4.2)Avfall fra produksjon av silisium og silisiumderivater";Nei;Nei
Nivå;Kode;Beskrivelse;Registrerbar;Farlig
3;060802;"Avfall som inneholder farlige klorsilaner";Ja;Ja
Nivå;Kode;Beskrivelse;Registrerbar;Farlig
3;060899;"Avfall som ikke er spesifisert andre steder";Ja;Nei
Nivå;Kode;Beskrivelse;Registrerbar;Farlig
2;0609;"Avfall fra PBDB av fosforholdige kjemikalier og fosforkjemiske prosesser";Ja;Nei
Nivå;Kode;Beskrivelse;Registrerbar;Farlig
3;060901;"Utgått: §4.2)Fosfatgips";Nei;Nei
Nivå;Kode;Beskrivelse;Registrerbar;Farlig
3;060902;"Fosforholdig slagg";Ja;Nei
Nivå;Kode;Beskrivelse;Registrerbar;Farlig
3;060903;"Kalsiumbasert reaksjonsavfall som inneholder eller er forurenset av farlige stoffer";Ja;Ja
Nivå;Kode;Beskrivelse;Registrerbar;Farlig
3;060904;"Annet kalsiumbasert reaksjonsavfall enn det nevnt i 06 09 03";Ja;Nei
Nivå;Kode;Beskrivelse;Registrerbar;Farlig
3;060999;"Avfall som ikke er spesifisert andre steder";Ja;Nei
Nivå;Kode;Beskrivelse;Registrerbar;Farlig
2;0610;"Avfall fra PBDB av nitrogenholdige kjemikalier, nitrogenkjemiske prosesser og kunstgjødselproduksjon";Ja;Nei
Nivå;Kode;Beskrivelse;Registrerbar;Farlig
3;061001;"Utgått: §4.2)Avfall fra kjemiske nitrogenprosesser og kunstgjødselproduksjon";Nei;Nei
Nivå;Kode;Beskrivelse;Registrerbar;Farlig
3;061002;"Avfall som inneholder farlige stoffer";Ja;Ja
Nivå;Kode;Beskrivelse;Registrerbar;Farlig
3;061099;"Avfall som ikke er spesifisert andre steder";Ja;Nei
Nivå;Kode;Beskrivelse;Registrerbar;Farlig
2;0611;"Avfall fra produksjon av uorganiske pigmenter og opakiseringsmidler";Ja;Nei
Nivå;Kode;Beskrivelse;Registrerbar;Farlig
3;061101;"Kalsiumbasert reaksjonsavfall fra titandioksidproduksjon";Ja;Nei
Nivå;Kode;Beskrivelse;Registrerbar;Farlig
3;061199;"Avfall som ikke er spesifisert andre steder";Ja;Nei
Nivå;Kode;Beskrivelse;Registrerbar;Farlig
2;0612;"UTGÅTT: AVFALL FRA PRODUKSJON, BRUK OG REGENERERING AV KATALYSATORER";Nei;Nei
Nivå;Kode;Beskrivelse;Registrerbar;Farlig
3;061201;"Utgått: §4.2)Brukte katalysatorer med edelmetaller";Nei;Nei
Nivå;Kode;Beskrivelse;Registrerbar;Farlig
3;061202;"Utgått: Andre brukte katalysatorer (som inneholder tungmetaller)";Nei;Nei
Nivå;Kode;Beskrivelse;Registrerbar;Farlig
2;0613;"Avfall fra uorganiske kjemiske prosesser som ikke er nevnt andre steder";Ja;Nei
Nivå;Kode;Beskrivelse;Registrerbar;Farlig
3;061301;"Uorganiske plantevernmidler, treimpregneringsmidler og andre biocider";Ja;Ja
Nivå;Kode;Beskrivelse;Registrerbar;Farlig
3;061302;"Brukt aktivt kull (unntatt 06 07 02)";Ja;Ja
Nivå;Kode;Beskrivelse;Registrerbar;Farlig
3;061303;"Carbon black";Ja;Nei
Nivå;Kode;Beskrivelse;Registrerbar;Farlig
3;061304;"Avfall fra bearbeiding av asbest";Ja;Ja
Nivå;Kode;Beskrivelse;Registrerbar;Farlig
3;061305;"Sot";Ja;Ja
Nivå;Kode;Beskrivelse;Registrerbar;Farlig
3;061399;"Avfall som ikke er spesifisert andre steder";Ja;Nei
Nivå;Kode;Beskrivelse;Registrerbar;Farlig
1;07;"Avfall fra organiske kjemiske prosesser";Ja;Nei
Nivå;Kode;Beskrivelse;Registrerbar;Farlig
2;0701;"Avfall fra produksjon, bearbeiding, distribusjon og bruk (PBDB) av organiske basisprodukter";Ja;Nei
Nivå;Kode;Beskrivelse;Registrerbar;Farlig
3;070101;"Vandige vaskevæsker og morluter";Ja;Ja
Nivå;Kode;Beskrivelse;Registrerbar;Farlig
3;070102;"Utgått: §4.2)Slam fra lokal behandling av avløpsvann";Nei;Nei
Nivå;Kode;Beskrivelse;Registrerbar;Farlig
3;070103;"Halogenerte organiske løsemidler, vaskevæsker og morluter";Ja;Ja
Nivå;Kode;Beskrivelse;Registrerbar;Farlig
3;070104;"Andre organiske løsemidler, vaskevæsker og morluter";Ja;Ja
Nivå;Kode;Beskrivelse;Registrerbar;Farlig
3;070105;"Utgått: §4.2)Brukte katalysatorer med edelmetaller";Nei;Nei
Nivå;Kode;Beskrivelse;Registrerbar;Farlig
3;070106;"Utgått: Andre brukte katalysatorer (som inneholder tungmetaller)";Nei;Nei
Nivå;Kode;Beskrivelse;Registrerbar;Farlig
3;070107;"Halogenerte destillasjonsrester og reaksjonsrester";Ja;Ja
Nivå;Kode;Beskrivelse;Registrerbar;Farlig
3;070108;"Andre destillasjonsrester og reaksjonsrester ";Ja;Ja
Nivå;Kode;Beskrivelse;Registrerbar;Farlig
3;070109;"Halogenerte filterkaker og brukte absorbenter";Ja;Ja
Nivå;Kode;Beskrivelse;Registrerbar;Farlig
3;070110;"Andre filterkaker og brukte absorbenter";Ja;Ja
Nivå;Kode;Beskrivelse;Registrerbar;Farlig
3;070111;"Slam fra behandling av avløpsvann på produksjonsstedet som inneholder farlige stoffer";Ja;Ja
Nivå;Kode;Beskrivelse;Registrerbar;Farlig
3;070112;"Annet slam fra behandling av avløpsvann på produksjonsstedet enn det nevnt i 07 01 11";Ja;Nei
Nivå;Kode;Beskrivelse;Registrerbar;Farlig
3;070199;"Avfall som ikke er spesifisert andre steder";Ja;Nei
Nivå;Kode;Beskrivelse;Registrerbar;Farlig
2;0702;"Avfall fra PBDB av plastmaterialer, syntetisk gummi og kunstfibrer";Ja;Nei
Nivå;Kode;Beskrivelse;Registrerbar;Farlig
3;070201;"Vandige vaskevæsker og morluter";Ja;Ja
Nivå;Kode;Beskrivelse;Registrerbar;Farlig
3;070202;"Utgått: §4.2)Slam fra lokal behandling av avløpsvann";Nei;Nei
Nivå;Kode;Beskrivelse;Registrerbar;Farlig
3;070203;"Halogenerte organiske løsemidler, vaskevæsker og morluter";Ja;Ja
Nivå;Kode;Beskrivelse;Registrerbar;Farlig
3;070204;"Andre organiske løsemidler, vaskevæsker og morluter";Ja;Ja
Nivå;Kode;Beskrivelse;Registrerbar;Farlig
3;070205;"Utgått: §4.2)Brukte katalysatorer med edelmetaller";Nei;Nei
Nivå;Kode;Beskrivelse;Registrerbar;Farlig
3;070206;"Utgått: Andre brukte katalysatorer (som inneholder tungmetaller)";Nei;Nei
Nivå;Kode;Beskrivelse;Registrerbar;Farlig
3;070207;"Halogenerte destillasjonsrester og reaksjonsrester";Ja;Ja
Nivå;Kode;Beskrivelse;Registrerbar;Farlig
3;070208;"Andre destillasjonsrester og reaksjonsrester";Ja;Ja
Nivå;Kode;Beskrivelse;Registrerbar;Farlig
3;070209;"Halogenerte filterkaker og brukte absorbenter";Ja;Ja
Nivå;Kode;Beskrivelse;Registrerbar;Farlig
3;070210;"Andre filterkaker og brukte absorbenter";Ja;Ja
Nivå;Kode;Beskrivelse;Registrerbar;Farlig
3;070211;"Slam fra behandling av avløpsvann på produksjonsstedet som inneholder farlige stoffer";Ja;Ja
Nivå;Kode;Beskrivelse;Registrerbar;Farlig
3;070212;"Annet slam fra behandling av avløpsvann på produksjonsstedet enn det nevnt i 07 02 11";Ja;Nei
Nivå;Kode;Beskrivelse;Registrerbar;Farlig
3;070213;"Plastavfall";Ja;Nei
Nivå;Kode;Beskrivelse;Registrerbar;Farlig
3;070214;"Avfall fra tilsetningsstoffer som inneholder farlige stoffer";Ja;Ja
Nivå;Kode;Beskrivelse;Registrerbar;Farlig
3;070215;"Annet avfall fra tilsetningsstoffer enn det nevnt i 07 02 14";Ja;Nei
Nivå;Kode;Beskrivelse;Registrerbar;Farlig
3;070216;"Avfall som inneholder farlige silikoner";Ja;Ja
Nivå;Kode;Beskrivelse;Registrerbar;Farlig
3;070217;"Silikonholdig avfall som ikke er nevnt i 07 02 16";Ja;Nei
Nivå;Kode;Beskrivelse;Registrerbar;Farlig
3;070299;"Avfall som ikke er spesifisert andre steder";Ja;Nei
Nivå;Kode;Beskrivelse;Registrerbar;Farlig
2;0703;"Avfall fra PBDB av organiske farge stoffer og pigmenter (unntatt 06 11)";Ja;Nei
Nivå;Kode;Beskrivelse;Registrerbar;Farlig
3;070301;"Vandige vaskevæsker og morluter";Ja;Ja
Nivå;Kode;Beskrivelse;Registrerbar;Farlig
3;070302;"Utgått: §4.2)Slam fra lokal behandling av avløpsvann";Nei;Nei
Nivå;Kode;Beskrivelse;Registrerbar;Farlig
3;070303;"Halogenerte organiske løsemidler, vaskevæsker og morluter";Ja;Ja
Nivå;Kode;Beskrivelse;Registrerbar;Farlig
3;070304;"Andre organiske løsemidler, vaskevæsker og morluter";Ja;Ja
Nivå;Kode;Beskrivelse;Registrerbar;Farlig
3;070305;"Utgått: §4.2)Brukte katalysatorer med edelmetaller";Nei;Nei
Nivå;Kode;Beskrivelse;Registrerbar;Farlig
3;070306;"Utgått: Andre brukte katalysatorer (som inneholder tungmetaller)";Nei;Nei
Nivå;Kode;Beskrivelse;Registrerbar;Farlig
3;070307;"Halogenerte destillasjonsrester og reaksjonsrester ";Ja;Ja
Nivå;Kode;Beskrivelse;Registrerbar;Farlig
3;070308;"Andre destillasjonsrester og reaksjonsrester";Ja;Ja
Nivå;Kode;Beskrivelse;Registrerbar;Farlig
3;070309;"Halogenerte filterkaker og brukte absorbenter";Ja;Ja
Nivå;Kode;Beskrivelse;Registrerbar;Farlig
3;070310;"Andre filterkaker og brukte absorbenter";Ja;Ja
Nivå;Kode;Beskrivelse;Registrerbar;Farlig
3;070311;"Slam fra behandling av avløpsvann på produksjonsstedet som inneholder farlige stoffer";Ja;Ja
Nivå;Kode;Beskrivelse;Registrerbar;Farlig
3;070312;"Annet slam fra behandling av avløpsvann på produksjonsstedet enn det nevnt i 07 03 11";Ja;Nei
Nivå;Kode;Beskrivelse;Registrerbar;Farlig
3;070399;"Avfall som ikke er spesifisert andre steder";Ja;Nei
Nivå;Kode;Beskrivelse;Registrerbar;Farlig
2;0704;"Avfall fra PBDB av organiske plantevernmidler (unntatt 02 01 08 og 02 01 09), treimpregneringsmidler (unntatt 03 02) og andre biocider";Ja;Nei
Nivå;Kode;Beskrivelse;Registrerbar;Farlig
3;070401;"Vandige vaskevæsker og morluter";Ja;Ja
Nivå;Kode;Beskrivelse;Registrerbar;Farlig
3;070402;"Utgått: §4.2)Slam fra lokal behandling av avløpsvann";Nei;Nei
Nivå;Kode;Beskrivelse;Registrerbar;Farlig
3;070403;"Halogenerte organiske løsemidler, vaskevæsker og morluter";Ja;Ja
Nivå;Kode;Beskrivelse;Registrerbar;Farlig
3;070404;"Andre organiske løsemidler, vaskevæsker og morluter";Ja;Ja
Nivå;Kode;Beskrivelse;Registrerbar;Farlig
3;070405;"Utgått: §4.2)Brukte katalysatorer med edelmetaller";Nei;Nei
Nivå;Kode;Beskrivelse;Registrerbar;Farlig
3;070406;"Utgått: Andre brukte katalysatorer (som inneholder tungmetaller)";Nei;Nei
Nivå;Kode;Beskrivelse;Registrerbar;Farlig
3;070407;"Halogenerte destillasjonsrester og reaksjonsrester";Ja;Ja
Nivå;Kode;Beskrivelse;Registrerbar;Farlig
3;070408;"Andre destillasjonsrester og reaksjonsrester ";Ja;Ja
Nivå;Kode;Beskrivelse;Registrerbar;Farlig
3;070409;"Halogenerte filterkaker og brukte absorbenter";Ja;Ja
Nivå;Kode;Beskrivelse;Registrerbar;Farlig
3;070410;"Andre filterkaker og brukte absorbenter";Ja;Ja
Nivå;Kode;Beskrivelse;Registrerbar;Farlig
3;070411;"Slam fra behandling av avløpsvann på produksjonsstedet som inneholder farlige stoffer";Ja;Ja
Nivå;Kode;Beskrivelse;Registrerbar;Farlig
3;070412;"Annet slam fra behandling av avløpsvann på produksjonsstedet enn det nevnt i 07 04 11";Ja;Nei
Nivå;Kode;Beskrivelse;Registrerbar;Farlig
3;070413;"Fast avfall som inneholder farlige stoffer";Ja;Ja
Nivå;Kode;Beskrivelse;Registrerbar;Farlig
3;070499;"Avfall som ikke er spesifisert andre steder";Ja;Nei
Nivå;Kode;Beskrivelse;Registrerbar;Farlig
2;0705;"Avfall fra PBDB av legemidler";Ja;Nei
Nivå;Kode;Beskrivelse;Registrerbar;Farlig
3;070501;"Vandige vaskevæsker og morluter";Ja;Ja
Nivå;Kode;Beskrivelse;Registrerbar;Farlig
3;070502;"Utgått: §4.2)Slam fra lokal behandling av avløpsvann";Nei;Nei
Nivå;Kode;Beskrivelse;Registrerbar;Farlig
3;070503;"Halogenerte organiske løsemidler, vaskevæsker og morluter";Ja;Ja
Nivå;Kode;Beskrivelse;Registrerbar;Farlig
3;070504;"Andre organiske løsemidler, vaskevæsker og morluter";Ja;Ja
Nivå;Kode;Beskrivelse;Registrerbar;Farlig
3;070505;"Utgått: §4.2)Brukte katalysatorer med edelmetaller";Nei;Nei
Nivå;Kode;Beskrivelse;Registrerbar;Farlig
3;070506;"Utgått: Andre brukte katalysatorer (som inneholder tungmetaller)";Nei;Nei
Nivå;Kode;Beskrivelse;Registrerbar;Farlig
3;070507;"Halogenerte destillasjonsrester og reaksjonsrester";Ja;Ja
Nivå;Kode;Beskrivelse;Registrerbar;Farlig
3;070508;"Andre destillasjonsrester og reaksjonsrester";Ja;Ja
Nivå;Kode;Beskrivelse;Registrerbar;Farlig
3;070509;"Halogenerte filterkaker og brukte absorbenter";Ja;Ja
Nivå;Kode;Beskrivelse;Registrerbar;Farlig
3;070510;"Andre filterkaker og brukte absorbenter";Ja;Ja
Nivå;Kode;Beskrivelse;Registrerbar;Farlig
3;070511;"Slam fra behandling av avløpsvann på produksjonsstedet som inneholder farlige stoffer";Ja;Ja
Nivå;Kode;Beskrivelse;Registrerbar;Farlig
3;070512;"Annet slam fra behandling av avløpsvann på produksjonsstedet enn det nevnt i 07 05 11";Ja;Nei
Nivå;Kode;Beskrivelse;Registrerbar;Farlig
3;070513;"Fast avfall som inneholder farlige stoffer";Ja;Ja
Nivå;Kode;Beskrivelse;Registrerbar;Farlig
3;070514;"Annet fast avfall enn det nevnt i 07 05 13";Ja;Nei
Nivå;Kode;Beskrivelse;Registrerbar;Farlig
3;070599;"Avfall som ikke er spesifisert andre steder";Ja;Nei
Nivå;Kode;Beskrivelse;Registrerbar;Farlig
2;0706;"Avfall fra PBDB av fettstoffer, smøremidler, såpe, rengjøringsmidler, desinfeksjonsmidler og kosmetikk";Ja;Nei
Nivå;Kode;Beskrivelse;Registrerbar;Farlig
3;070601;"Vandige vaskevæsker og morluter";Ja;Ja
Nivå;Kode;Beskrivelse;Registrerbar;Farlig
3;070602;"Utgått: §4.2)Slam fra lokal behandling av avløpsvann";Nei;Nei
Nivå;Kode;Beskrivelse;Registrerbar;Farlig
3;070603;"Halogenerte organiske løsemidler, vaskevæsker og morluter";Ja;Ja
Nivå;Kode;Beskrivelse;Registrerbar;Farlig
3;070604;"Andre organiske løsemidler, vaskevæsker og morluter";Ja;Ja
Nivå;Kode;Beskrivelse;Registrerbar;Farlig
3;070605;"Utgått: §4.2)Brukte katalysatorer med edelmetaller";Nei;Nei
Nivå;Kode;Beskrivelse;Registrerbar;Farlig
3;070606;"Utgått: Andre brukte katalysatorer (som inneholder tungmetaller)";Nei;Nei
Nivå;Kode;Beskrivelse;Registrerbar;Farlig
3;070607;"Halogenerte destillasjonsrester og reaksjonsrester ";Ja;Ja
Nivå;Kode;Beskrivelse;Registrerbar;Farlig
3;070608;"Andre destillasjonsrester og reaksjonsrester ";Ja;Ja
Nivå;Kode;Beskrivelse;Registrerbar;Farlig
3;070609;"Halogenerte filterkaker og brukte absorbenter";Ja;Ja
Nivå;Kode;Beskrivelse;Registrerbar;Farlig
3;070610;"Andre filterkaker og brukte absorbenter";Ja;Ja
Nivå;Kode;Beskrivelse;Registrerbar;Farlig
3;070611;"Slam fra behandling av avløpsvann på produksjonsstedet som inneholder farlige stoffer";Ja;Ja
Nivå;Kode;Beskrivelse;Registrerbar;Farlig
3;070612;"Annet slam fra behandling av avløpsvann på produksjonsstedet enn det nevnt i 07 06 11";Ja;Nei
Nivå;Kode;Beskrivelse;Registrerbar;Farlig
3;070699;"Avfall som ikke er spesifisert andre steder";Ja;Nei
Nivå;Kode;Beskrivelse;Registrerbar;Farlig
2;0707;"Avfall fra PBDB av finkjemikalier og av kjemiske produkter som ikke er spesifisert andre steder";Ja;Nei
Nivå;Kode;Beskrivelse;Registrerbar;Farlig
3;070701;"Vandige vaskevæsker og morluter";Ja;Ja
Nivå;Kode;Beskrivelse;Registrerbar;Farlig
3;070702;"Utgått: §4.2)Slam fra lokal behandling av avløpsvann";Nei;Nei
Nivå;Kode;Beskrivelse;Registrerbar;Farlig
3;070703;"Halogenerte organiske løsemidler, vaskevæsker og morluter";Ja;Ja
Nivå;Kode;Beskrivelse;Registrerbar;Farlig
3;070704;"Andre organiske løsemidler, vaskevæsker og morluter";Ja;Ja
Nivå;Kode;Beskrivelse;Registrerbar;Farlig
3;070705;"Utgått: §4.2)Brukte katalysatorer med edelmetaller";Nei;Nei
Nivå;Kode;Beskrivelse;Registrerbar;Farlig
3;070706;"Utgått: Andre brukte katalysatorer (som inneholder tungmetaller)";Nei;Nei
Nivå;Kode;Beskrivelse;Registrerbar;Farlig
3;070707;"Halogenerte destillasjonsrester og reaksjonsrester";Ja;Ja
Nivå;Kode;Beskrivelse;Registrerbar;Farlig
3;070708;"Andre destillasjonsrester og reaksjonsrester ";Ja;Ja
Nivå;Kode;Beskrivelse;Registrerbar;Farlig
3;070709;"Halogenerte filterkaker og brukte absorbenter";Ja;Ja
Nivå;Kode;Beskrivelse;Registrerbar;Farlig
3;070710;"Andre filterkaker og brukte absorbenter";Ja;Ja
Nivå;Kode;Beskrivelse;Registrerbar;Farlig
3;070711;"Slam fra behandling av avløpsvann på produksjonsstedet som inneholder farlige stoffer";Ja;Ja
Nivå;Kode;Beskrivelse;Registrerbar;Farlig
3;070712;"Annet slam fra behandling av avløpsvann på produksjonsstedet enn det nevnt i 07 07 11";Ja;Nei
Nivå;Kode;Beskrivelse;Registrerbar;Farlig
3;070799;"Avfall som ikke er spesifisert andre steder";Ja;Nei
Nivå;Kode;Beskrivelse;Registrerbar;Farlig
1;08;"Avfall fra produksjon, bearbeiding, distribusjon og bruk (PBDB) av beleggingsprodukter (malinger, lakker og glassemaljer), klebemidler, tetningsmasse og trykkfarger";Ja;Nei
Nivå;Kode;Beskrivelse;Registrerbar;Farlig
2;0801;"Avfall fra PBDB og fjerning av malinger og lakker";Ja;Nei
Nivå;Kode;Beskrivelse;Registrerbar;Farlig
3;080101;"Utgått: Avfall fra malinger og lakker som inneholder halogenerte løsemidler";Nei;Nei
Nivå;Kode;Beskrivelse;Registrerbar;Farlig
3;080102;"Utgått: Avfall fra malinger og lakker uten halogenerte løsemidler";Nei;Nei
Nivå;Kode;Beskrivelse;Registrerbar;Farlig
3;080103;"Utgått: Avfall fra vannbaserte malinger og lakker";Nei;Nei
Nivå;Kode;Beskrivelse;Registrerbar;Farlig
3;080104;"Utgått: §4.2)Avfall fra pulverbaserte malinger";Nei;Nei
Nivå;Kode;Beskrivelse;Registrerbar;Farlig
3;080105;"Utgått: §4.2)Herdede malinger og lakker";Nei;Nei
Nivå;Kode;Beskrivelse;Registrerbar;Farlig
3;080106;"Utgått: Slam fra fjerning av malinger og lakker som inneholder halogenerte løsemidler";Nei;Nei
Nivå;Kode;Beskrivelse;Registrerbar;Farlig
3;080107;"Utgått: Slam fra fjerning av malinger og lakker uten halogenerte løsemidler";Nei;Nei
Nivå;Kode;Beskrivelse;Registrerbar;Farlig
3;080108;"Utgått: §4.2)Vandig slam som inneholder malinger eller lakker";Nei;Nei
Nivå;Kode;Beskrivelse;Registrerbar;Farlig
3;080109;"Utgått: Avfall fra fjerning av malinger og lakker (unntatt 080105 og 080106)";Nei;Nei
Nivå;Kode;Beskrivelse;Registrerbar;Farlig
3;080110;"Utgått: §4.2)Vandige suspensjoner som inneholder malinger eller lakker";Nei;Nei
Nivå;Kode;Beskrivelse;Registrerbar;Farlig
3;080111;"Maling- og lakkavfall som inneholder organiske løsemidler eller andre farlige stoffer";Ja;Ja
Nivå;Kode;Beskrivelse;Registrerbar;Farlig
3;080112;"Annet maling- og lakkavfall enn det nevnt i 08 01 11";Ja;Nei
Nivå;Kode;Beskrivelse;Registrerbar;Farlig
3;080113;"Slam av malinger og lakker som inneholder organiske løsemidler eller andre farlige stoffer";Ja;Ja
Nivå;Kode;Beskrivelse;Registrerbar;Farlig
3;080114;"Annet slam av malinger og lakker enn det nevnt i 08 01 13";Ja;Nei
Nivå;Kode;Beskrivelse;Registrerbar;Farlig
3;080115;"Vandig slam som inneholder malinger eller lakker som inneholder organiske løsemidler eller andre farlige stoffer";Ja;Ja
Nivå;Kode;Beskrivelse;Registrerbar;Farlig
3;080116;"Annet vandig slam som inneholder malinger og lakker enn det nevnt i 08 01 15";Ja;Nei
Nivå;Kode;Beskrivelse;Registrerbar;Farlig
3;080117;"Avfall fra fjerning av malinger eller lakker som inneholder organiske løsemidler eller andre farlige stoffer";Ja;Ja
Nivå;Kode;Beskrivelse;Registrerbar;Farlig
3;080118;"Annet avfall fra fjerning av malinger eller lakker enn det nevnt i 08 01 17";Ja;Nei
Nivå;Kode;Beskrivelse;Registrerbar;Farlig
3;080119;"Vandige suspensjoner som inneholder malinger eller lakker som inneholder organiske løsemidler eller andre farlige stoffer";Ja;Ja
Nivå;Kode;Beskrivelse;Registrerbar;Farlig
3;080120;"Andre vandige suspensjoner som inneholder malinger eller lakker enn dem nevnt i 08 01 19";Ja;Nei
Nivå;Kode;Beskrivelse;Registrerbar;Farlig
3;080121;"Maling- eller lakkfjerneravfall";Ja;Ja
Nivå;Kode;Beskrivelse;Registrerbar;Farlig
3;080199;"Avfall som ikke er spesifisert andre steder";Ja;Nei
Nivå;Kode;Beskrivelse;Registrerbar;Farlig
2;0802;"Avfall fra PBDB av andre overflatebelegg (herunder keramiske materialer)";Ja;Nei
Nivå;Kode;Beskrivelse;Registrerbar;Farlig
3;080201;"Avfall av pulverbaserte overflatebelegg";Ja;Nei
Nivå;Kode;Beskrivelse;Registrerbar;Farlig
3;080202;"Vandig slam som inneholder keramiske materialer";Ja;Nei
Nivå;Kode;Beskrivelse;Registrerbar;Farlig
3;080203;"Vandige suspensjoner som inneholder keramiske materialer";Ja;Nei
Nivå;Kode;Beskrivelse;Registrerbar;Farlig
3;080299;"Avfall som ikke er spesifisert andre steder";Ja;Nei
Nivå;Kode;Beskrivelse;Registrerbar;Farlig
2;0803;"Avfall fra PBDB av trykkfarger";Ja;Nei
Nivå;Kode;Beskrivelse;Registrerbar;Farlig
3;080301;"Utgått: Avfall fra trykkfarger som inneholder halogenerte løsemidler";Nei;Nei
Nivå;Kode;Beskrivelse;Registrerbar;Farlig
3;080302;"Utgått: Avfall fra trykkfarger uten halogenerte løsemidler";Nei;Nei
Nivå;Kode;Beskrivelse;Registrerbar;Farlig
3;080303;"Utgått: §4.2)Avfall fra vannbaserte trykkfarger";Nei;Nei
Nivå;Kode;Beskrivelse;Registrerbar;Farlig
3;080304;"Utgått: §4.2)Herdede trykkfarger";Nei;Nei
Nivå;Kode;Beskrivelse;Registrerbar;Farlig
3;080305;"Utgått: Slam fra trykkfarger som inneholder halogenerte løsemidler";Nei;Nei
Nivå;Kode;Beskrivelse;Registrerbar;Farlig
3;080306;"Utgått: Slam fra trykkfarger uten halogenerte løsemidler";Nei;Nei
Nivå;Kode;Beskrivelse;Registrerbar;Farlig
3;080307;"Vandig slam som inneholder trykkfarger";Ja;Nei
Nivå;Kode;Beskrivelse;Registrerbar;Farlig
3;080308;"Vandig flytende avfall som inneholder trykkfarger";Ja;Nei
Nivå;Kode;Beskrivelse;Registrerbar;Farlig
3;080309;"Utgått: §4.2)Toneravfall (herunder kassetter)";Nei;Nei
Nivå;Kode;Beskrivelse;Registrerbar;Farlig
3;080312;"Trykkfargeavfall som inneholder farlige stoffer";Ja;Ja
Nivå;Kode;Beskrivelse;Registrerbar;Farlig
3;080313;"Annet trykkfargeavfall enn det nevnt i 08 03 12";Ja;Nei
Nivå;Kode;Beskrivelse;Registrerbar;Farlig
3;080314;"Trykkfargeslam som inneholder farlige stoffer";Ja;Ja
Nivå;Kode;Beskrivelse;Registrerbar;Farlig
3;080315;"Annet trykkfargeslam enn det nevnt i 08 03 14";Ja;Nei
Nivå;Kode;Beskrivelse;Registrerbar;Farlig
3;080316;"Avfall av etsende væske brukt i grafisk produksjon";Ja;Ja
Nivå;Kode;Beskrivelse;Registrerbar;Farlig
3;080317;"Toneravfall som inneholder farlige stoffer";Ja;Ja
Nivå;Kode;Beskrivelse;Registrerbar;Farlig
3;080318;"Annet toneravfall enn det nevnt i 08 03 17";Ja;Nei
Nivå;Kode;Beskrivelse;Registrerbar;Farlig
3;080319;"Dispergert olje";Ja;Ja
Nivå;Kode;Beskrivelse;Registrerbar;Farlig
3;080399;"Avfall som ikke er spesifisert andre steder";Ja;Nei
Nivå;Kode;Beskrivelse;Registrerbar;Farlig
2;0804;"Avfall fra PBDB av klebemidler og tetningsmasse (herunder vanntetningsmidler)";Ja;Nei
Nivå;Kode;Beskrivelse;Registrerbar;Farlig
3;080401;"Utgått : Avfall fra lim og tetningsmasser som inneholder halogenerte løsemidler";Nei;Nei
Nivå;Kode;Beskrivelse;Registrerbar;Farlig
3;080402;"Utgått: Avfall fra lim og tetningsmasser uten halogenerte løsemidler";Nei;Nei
Nivå;Kode;Beskrivelse;Registrerbar;Farlig
3;080403;"Utgått: §4.2)Avfall fra vannbasert lim og tetningsmasser";Nei;Nei
Nivå;Kode;Beskrivelse;Registrerbar;Farlig
3;080404;"Utgått: §4.2)Herdet lim og tetningsmasser";Nei;Nei
Nivå;Kode;Beskrivelse;Registrerbar;Farlig
3;080405;"Utgått: Slam fra lim og tetningsmasser som inneholder halogenerte løsemidler";Nei;Nei
Nivå;Kode;Beskrivelse;Registrerbar;Farlig
3;080406;"Utgått: Slam fra lim og tetningsmasser uten halogenerte løsemidler";Nei;Nei
Nivå;Kode;Beskrivelse;Registrerbar;Farlig
3;080407;"Utgått: §4.2)Vandig slam som inneholder lim og tetningsmasser";Nei;Nei
Nivå;Kode;Beskrivelse;Registrerbar;Farlig
3;080408;"Utgått: §4.2)Vandige avfallsvæsker som inneholder lim og tetningsmasser";Nei;Nei
Nivå;Kode;Beskrivelse;Registrerbar;Farlig
3;080409;"Avfall av klebemidler og tetningsmasse som inneholder organiske løsemidler eller andre farlige stoffer";Ja;Ja
Nivå;Kode;Beskrivelse;Registrerbar;Farlig
3;080410;"Annet avfall av klebemidler og tetningsmasse enn det nevnt i 08 04 09";Ja;Nei
Nivå;Kode;Beskrivelse;Registrerbar;Farlig
3;080411;"Slam av klebemidler og tetningsmasse som inneholder organiske løsemidler eller andre farlige stoffer";Ja;Ja
Nivå;Kode;Beskrivelse;Registrerbar;Farlig
3;080412;"Annet slam av klebemidler og tetningsmasse enn det nevnt i 08 04 11";Ja;Nei
Nivå;Kode;Beskrivelse;Registrerbar;Farlig
3;080413;"Vandig slam som inneholder klebemidler eller tetningsmasse som inneholder organiske løsemidler eller andre farlige stoffer";Ja;Ja
Nivå;Kode;Beskrivelse;Registrerbar;Farlig
3;080414;"Annet vandig slam som inneholder klebemidler eller tetningsmasse enn det nevnt i 08 04 13";Ja;Nei
Nivå;Kode;Beskrivelse;Registrerbar;Farlig
3;080415;"Vandig flytende avfall som inneholder klebemidler eller tetningsmasse som inneholder organiske løsemidler eller andre farlige stoffer";Ja;Ja
Nivå;Kode;Beskrivelse;Registrerbar;Farlig
3;080416;"Annet vandig flytende avfall som inneholder klebemidler eller tetningsmasse enn det nevnt i 08 04 15";Ja;Nei
Nivå;Kode;Beskrivelse;Registrerbar;Farlig
3;080417;"Harpiksolje";Ja;Ja
Nivå;Kode;Beskrivelse;Registrerbar;Farlig
3;080499;"Avfall som ikke er spesifisert andre steder ";Ja;Nei
Nivå;Kode;Beskrivelse;Registrerbar;Farlig
2;0805;"Avfall som ikke spesifisert andre steder i 08";Ja;Nei
Nivå;Kode;Beskrivelse;Registrerbar;Farlig
3;080501;"Avfall av isocyanater";Ja;Ja
Nivå;Kode;Beskrivelse;Registrerbar;Farlig
1;09;"Avfall fra fotografisk industri";Ja;Nei
Nivå;Kode;Beskrivelse;Registrerbar;Farlig
2;0901;"Avfall fra fotografisk industri";Ja;Nei
Nivå;Kode;Beskrivelse;Registrerbar;Farlig
3;090101;"Vannbaserte fremkallingsvæsker og aktivatorvæsker";Ja;Ja
Nivå;Kode;Beskrivelse;Registrerbar;Farlig
3;090102;"Vannbaserte fremkallingsvæsker for offsetplater";Ja;Ja
Nivå;Kode;Beskrivelse;Registrerbar;Farlig
3;090103;"Løsemiddelbaserte fremkallingsvæsker";Ja;Ja
Nivå;Kode;Beskrivelse;Registrerbar;Farlig
3;090104;"Fikserbad";Ja;Ja
Nivå;Kode;Beskrivelse;Registrerbar;Farlig
3;090105;"Blekebad og bleke-/fikserbad";Ja;Ja
Nivå;Kode;Beskrivelse;Registrerbar;Farlig
3;090106;"Avfall som inneholder sølv fra behandling på produksjonsstedet av fotografisk avfall";Ja;Ja
Nivå;Kode;Beskrivelse;Registrerbar;Farlig
3;090107;"Fotografisk film og papir som inneholder sølv eller sølvforbindelser";Ja;Nei
Nivå;Kode;Beskrivelse;Registrerbar;Farlig
3;090108;"Fotografisk film og papir uten sølv eller sølvforbindelser";Ja;Nei
Nivå;Kode;Beskrivelse;Registrerbar;Farlig
3;090109;"Utgått: §4.2)Fotografiapparater for engangsbruk med batterier";Nei;Nei
Nivå;Kode;Beskrivelse;Registrerbar;Farlig
3;090110;"Kameraer for engangsbruk uten batterier";Ja;Nei
Nivå;Kode;Beskrivelse;Registrerbar;Farlig
3;090111;"Kameraer for engangsbruk med batterier nevnt i 16 06 01, 16 06 02 eller 16 06 032";Ja;Ja
Nivå;Kode;Beskrivelse;Registrerbar;Farlig
3;090112;"Andre kameraer for engangsbruk med batterier enn dem nevnt i 09 01 11";Ja;Nei
Nivå;Kode;Beskrivelse;Registrerbar;Farlig
3;090113;"Annet vandig flytende avfall fra gjenvinning av sølv på produksjonsstedet enn det nevnt i 09 01 06";Ja;Ja
Nivå;Kode;Beskrivelse;Registrerbar;Farlig
3;090199;"Avfall som ikke er spesifisert andre steder ";Ja;Nei
Nivå;Kode;Beskrivelse;Registrerbar;Farlig
1;10;"Avfall fra varmebehandlingsprosesser";Ja;Nei
Nivå;Kode;Beskrivelse;Registrerbar;Farlig
2;1001;"Avfall fra kraftverk og andre forbrenningsanlegg (unntatt kategori 19)";Ja;Nei
Nivå;Kode;Beskrivelse;Registrerbar;Farlig
3;100101;"Bunnaske, slagg og kjelstøv (unntatt kjelstøv nevnt i 10 01 04)";Ja;Nei
Nivå;Kode;Beskrivelse;Registrerbar;Farlig
3;100102;"Flygeaske fra forbrenning av kull";Ja;Nei
Nivå;Kode;Beskrivelse;Registrerbar;Farlig
3;100103;"Flygeaske fra forbrenning av torv og ubehandlet trevirke";Ja;Nei
Nivå;Kode;Beskrivelse;Registrerbar;Farlig
3;100104;"Flygeaske og kjelstøv fra forbrenning av olje";Ja;Ja
Nivå;Kode;Beskrivelse;Registrerbar;Farlig
3;100105;"Fast kalsiumbasert reaksjonsavfall fra avsvovling av røykgass";Ja;Nei
Nivå;Kode;Beskrivelse;Registrerbar;Farlig
3;100106;"Utgått: §4.2)Annet fast avfall fra rensing av røykgass";Nei;Nei
Nivå;Kode;Beskrivelse;Registrerbar;Farlig
3;100107;"Kalsiumbasert reaksjonsavfall i form av slam fra avsvovling av røykgass";Ja;Nei
Nivå;Kode;Beskrivelse;Registrerbar;Farlig
3;100108;"Utgått: §4.2)Annet slam fra rensing av røykgass";Nei;Nei
Nivå;Kode;Beskrivelse;Registrerbar;Farlig
3;100109;"Svovelsyre";Ja;Ja
Nivå;Kode;Beskrivelse;Registrerbar;Farlig
3;100110;"Utgått: Brukte katalysatorer f.eks. fra fjerning av NOx (som inneholder tungmetaller)";Nei;Nei
Nivå;Kode;Beskrivelse;Registrerbar;Farlig
3;100111;"Utgått: Vandig slam fra rengjøring av kjeler (der tung fyringsolje forbrennes)";Nei;Nei
Nivå;Kode;Beskrivelse;Registrerbar;Farlig
3;100112;"Utgått: §4.2)Brukte ovnsfôringer og ildfaste materialer";Nei;Nei
Nivå;Kode;Beskrivelse;Registrerbar;Farlig
3;100113;"Flygeaske fra emulgerte hydrokarboner brukt som brensel";Ja;Ja
Nivå;Kode;Beskrivelse;Registrerbar;Farlig
3;100114;"Bunnaske, slagg og kjelstøv fra samforbrenning som inneholder farlige stoffer";Ja;Ja
Nivå;Kode;Beskrivelse;Registrerbar;Farlig
3;100115;"Annen bunnaske og annet slagg og kjelstøv fra samforbrenning enn dem nevnt i 10 01 14";Ja;Nei
Nivå;Kode;Beskrivelse;Registrerbar;Farlig
3;100116;"Flygeaske fra samforbrenning som inneholder farlige stoffer";Ja;Ja
Nivå;Kode;Beskrivelse;Registrerbar;Farlig
3;100117;"Annen flygeaske fra samforbrenning enn den nevnt i 10 01 16";Ja;Nei
Nivå;Kode;Beskrivelse;Registrerbar;Farlig
3;100118;"Avfall fra rensing av røykgass som inneholder farlige stoffer";Ja;Ja
Nivå;Kode;Beskrivelse;Registrerbar;Farlig
3;100119;"Annet avfall fra rensing av røykgass enn det nevnt i 10 01 05, 10 01 07 og 10 01 18";Ja;Nei
Nivå;Kode;Beskrivelse;Registrerbar;Farlig
3;100120;"Slam fra behandling av avløpsvann på produksjonsstedet som inneholder farlige stoffer";Ja;Ja
Nivå;Kode;Beskrivelse;Registrerbar;Farlig
3;100121;"Annet slam fra behandling av avløpsvann på produksjonsstedet enn det nevnt i 10 01 20";Ja;Nei
Nivå;Kode;Beskrivelse;Registrerbar;Farlig
3;100122;"Vandig slam fra kjelerensing som inneholder farlige stoffer";Ja;Ja
Nivå;Kode;Beskrivelse;Registrerbar;Farlig
3;100123;"Annet vandig slam fra kjelerensing enn det nevnt i 10 01 22";Ja;Nei
Nivå;Kode;Beskrivelse;Registrerbar;Farlig
3;100124;"Sand fra virvelsjikt";Ja;Nei
Nivå;Kode;Beskrivelse;Registrerbar;Farlig
3;100125;"Avfall fra lagring og behandling av brensel til kullfyrte kraftverk";Ja;Nei
Nivå;Kode;Beskrivelse;Registrerbar;Farlig
3;100126;"Avfall fra kjølevannbehandling";Ja;Nei
Nivå;Kode;Beskrivelse;Registrerbar;Farlig
3;100199;"Avfall som ikke er spesifisert andre steder ";Ja;Nei
Nivå;Kode;Beskrivelse;Registrerbar;Farlig
2;1002;"Avfall fra jern- og stålindustri";Ja;Nei
Nivå;Kode;Beskrivelse;Registrerbar;Farlig
3;100201;"Avfall fra slaggbehandling";Ja;Nei
Nivå;Kode;Beskrivelse;Registrerbar;Farlig
3;100202;"Ubehandlet slagg";Ja;Nei
Nivå;Kode;Beskrivelse;Registrerbar;Farlig
3;100203;"Utgått: Fast avfall fra rensing av røykgass (Unntatt fra ferrosilisium-industrien)";Nei;Nei
Nivå;Kode;Beskrivelse;Registrerbar;Farlig
3;100204;"Utgått: Slam fra rensing av røykgass";Nei;Nei
Nivå;Kode;Beskrivelse;Registrerbar;Farlig
3;100205;"Utgått: §4.2)Annet slam";Nei;Nei
Nivå;Kode;Beskrivelse;Registrerbar;Farlig
3;100206;"Utgått: §4.2)Brukte fôringer og ildfaste materialer";Nei;Nei
Nivå;Kode;Beskrivelse;Registrerbar;Farlig
3;100207;"Fast avfall fra behandling av avgasser som inneholder farlige stoffer";Ja;Ja
Nivå;Kode;Beskrivelse;Registrerbar;Farlig
3;100208;"Annet fast avfall fra behandling av avgasser enn det nevnt i 10 02 07";Ja;Nei
Nivå;Kode;Beskrivelse;Registrerbar;Farlig
3;100210;"Glødeskall";Ja;Nei
Nivå;Kode;Beskrivelse;Registrerbar;Farlig
3;100211;"Avfall fra kjølevannbehandling som inneholder olje";Ja;Ja
Nivå;Kode;Beskrivelse;Registrerbar;Farlig
3;100212;"Annet avfall fra kjølevannbehandling enn det nevnt i 10 02 11";Ja;Nei
Nivå;Kode;Beskrivelse;Registrerbar;Farlig
3;100213;"Slam og filterkaker fra behandling av avgasser som inneholder farlige stoffer";Ja;Ja
Nivå;Kode;Beskrivelse;Registrerbar;Farlig
3;100214;"Annet slam og filterkaker fra behandling av avgasser enn det nevnt i 10 02 13";Ja;Nei
Nivå;Kode;Beskrivelse;Registrerbar;Farlig
3;100215;"Annet slam og filterkaker";Ja;Nei
Nivå;Kode;Beskrivelse;Registrerbar;Farlig
3;100299;"Avfall som ikke er spesifisert andre steder ";Ja;Nei
Nivå;Kode;Beskrivelse;Registrerbar;Farlig
2;1003;"Avfall fra varmebasert aluminiumsproduksjon";Ja;Nei
Nivå;Kode;Beskrivelse;Registrerbar;Farlig
3;100301;"Utgått: Tjære og annet karbonholdig avfall fra produksjon av anoder";Nei;Nei
Nivå;Kode;Beskrivelse;Registrerbar;Farlig
3;100302;"Anodeavfall";Ja;Nei
Nivå;Kode;Beskrivelse;Registrerbar;Farlig
3;100303;"Utgått: Skimmings";Nei;Nei
Nivå;Kode;Beskrivelse;Registrerbar;Farlig
3;100304;"Slagg fra primærproduksjon";Ja;Ja
Nivå;Kode;Beskrivelse;Registrerbar;Farlig
3;100305;"Avfall av aluminiumoksid";Ja;Nei
Nivå;Kode;Beskrivelse;Registrerbar;Farlig
3;100306;"Utgått: §4.2)Brukt katodekull og ildfaste materialer fra elektrolyse";Nei;Nei
Nivå;Kode;Beskrivelse;Registrerbar;Farlig
3;100307;"Utgått: Katodeavfall";Nei;Nei
Nivå;Kode;Beskrivelse;Registrerbar;Farlig
3;100308;"Saltslagg fra sekundærproduksjon";Ja;Ja
Nivå;Kode;Beskrivelse;Registrerbar;Farlig
3;100309;"Svart dross fra sekundærproduksjon";Ja;Ja
Nivå;Kode;Beskrivelse;Registrerbar;Farlig
3;100310;"Utgått: Avfall fra behandling av saltkake og dross fra sekundærproduksjon av aluminium";Nei;Nei
Nivå;Kode;Beskrivelse;Registrerbar;Farlig
3;100311;"Utgått: §4.2)Støv fra filtrering av røykgass";Nei;Nei
Nivå;Kode;Beskrivelse;Registrerbar;Farlig
3;100312;"Utgått: §4.2)Andre partikler og støv (herunder kulemøllestøv)";Nei;Nei
Nivå;Kode;Beskrivelse;Registrerbar;Farlig
3;100313;"Utgått: §4.2)Fast avfall fra rensing av røykgass";Nei;Nei
Nivå;Kode;Beskrivelse;Registrerbar;Farlig
3;100314;"Utgått: §4.2)Slam fra rensing av røykgass";Nei;Nei
Nivå;Kode;Beskrivelse;Registrerbar;Farlig
3;100315;"Avrakingsslagg som er brannfarlig eller avgir farlige mengder brannfarlig gass ved kontakt med vann";Ja;Ja
Nivå;Kode;Beskrivelse;Registrerbar;Farlig
3;100316;"Annet avrakingsslagg enn det nevnt i 10 03 15";Ja;Nei
Nivå;Kode;Beskrivelse;Registrerbar;Farlig
3;100317;"Tjæreholdig avfall fra produksjon av anoder";Ja;Ja
Nivå;Kode;Beskrivelse;Registrerbar;Farlig
3;100318;"Annet karbonholdig avfall fra produksjon av anoder enn det nevnt i 10 03 17";Ja;Nei
Nivå;Kode;Beskrivelse;Registrerbar;Farlig
3;100319;"Støv fra filtrering av røykgass som inneholder farlige stoffer";Ja;Ja
Nivå;Kode;Beskrivelse;Registrerbar;Farlig
3;100320;"Annet støv fra filtrering av røykgass enn det nevnt i 10 03 19";Ja;Nei
Nivå;Kode;Beskrivelse;Registrerbar;Farlig
3;100321;"Andre partikler og annet støv (herunder kulemøllestøv) som inneholder farlige stoffer";Ja;Ja
Nivå;Kode;Beskrivelse;Registrerbar;Farlig
3;100322;"Andre partikler og annet støv (herunder kulemøllestøv) enn det nevnt i 10 03 21";Ja;Nei
Nivå;Kode;Beskrivelse;Registrerbar;Farlig
3;100323;"Fast avfall fra behandling av avgasser som inneholder farlige stoffer";Ja;Ja
Nivå;Kode;Beskrivelse;Registrerbar;Farlig
3;100324;"Annet fast avfall fra behandling av avgasser enn det nevnt i 10 03 23";Ja;Nei
Nivå;Kode;Beskrivelse;Registrerbar;Farlig
3;100325;"Slam og filterkaker fra behandling av avgasser som inneholder farlige stoffer";Ja;Ja
Nivå;Kode;Beskrivelse;Registrerbar;Farlig
3;100326;"Annet slam og filterkaker fra behandling av avgasser enn det nevnt i 10 03 25";Ja;Nei
Nivå;Kode;Beskrivelse;Registrerbar;Farlig
3;100327;"Oljeholdig avfall fra kjølevannbehandling";Ja;Ja
Nivå;Kode;Beskrivelse;Registrerbar;Farlig
3;100328;"Annet avfall fra kjølevannbehandling enn det nevnt i 10 03 27";Ja;Nei
Nivå;Kode;Beskrivelse;Registrerbar;Farlig
3;100329;"Avfall fra behandling av saltslagg og svart dross som inneholder farlige stoffer";Ja;Ja
Nivå;Kode;Beskrivelse;Registrerbar;Farlig
3;100330;"Annet avfall fra behandling av saltslagg og svart dross enn det nevnt i 10 03 29";Ja;Nei
Nivå;Kode;Beskrivelse;Registrerbar;Farlig
3;100399;"Avfall som ikke er spesifisert andre steder ";Ja;Nei
Nivå;Kode;Beskrivelse;Registrerbar;Farlig
2;1004;"Avfall fra varmebasert blyproduksjon";Ja;Nei
Nivå;Kode;Beskrivelse;Registrerbar;Farlig
3;100401;"Slagg fra primær- og sekundærproduksjon";Ja;Ja
Nivå;Kode;Beskrivelse;Registrerbar;Farlig
3;100402;"Dross og avrakingsslagg fra primær- og sekundærproduksjon";Ja;Ja
Nivå;Kode;Beskrivelse;Registrerbar;Farlig
3;100403;"Kalsiumarsenat";Ja;Ja
Nivå;Kode;Beskrivelse;Registrerbar;Farlig
3;100404;"Støv fra filtrering av røykgass";Ja;Ja
Nivå;Kode;Beskrivelse;Registrerbar;Farlig
3;100405;"Andre partikler og støv";Ja;Ja
Nivå;Kode;Beskrivelse;Registrerbar;Farlig
3;100406;"Fast avfall fra behandling av avgasser";Ja;Ja
Nivå;Kode;Beskrivelse;Registrerbar;Farlig
3;100407;"Slam og filterkaker fra behandling av avgasser";Ja;Ja
Nivå;Kode;Beskrivelse;Registrerbar;Farlig
3;100408;"Utgått: §4.2)Brukte fôringer og ildfaste materialer";Nei;Nei
Nivå;Kode;Beskrivelse;Registrerbar;Farlig
3;100409;"Oljeholdig avfall fra behandling av kjølevann";Ja;Ja
Nivå;Kode;Beskrivelse;Registrerbar;Farlig
3;100410;"Annet avfall fra behandling av kjølevann enn det nevnt i 10 04 09";Ja;Nei
Nivå;Kode;Beskrivelse;Registrerbar;Farlig
3;100499;"Avfall som ikke er spesifisert andre steder ";Ja;Nei
Nivå;Kode;Beskrivelse;Registrerbar;Farlig
2;1005;"Avfall fra varmebasert produksjon av sink";Ja;Nei
Nivå;Kode;Beskrivelse;Registrerbar;Farlig
3;100501;"Slagg fra primær- og sekundærproduksjon";Ja;Nei
Nivå;Kode;Beskrivelse;Registrerbar;Farlig
3;100502;"Utgått: Dross og skimmings (fra 1. og 2. smelting)";Nei;Nei
Nivå;Kode;Beskrivelse;Registrerbar;Farlig
3;100503;"Støv fra filtrering av røykgass";Ja;Ja
Nivå;Kode;Beskrivelse;Registrerbar;Farlig
3;100504;"Andre partikler og støv";Ja;Nei
Nivå;Kode;Beskrivelse;Registrerbar;Farlig
3;100505;"Fast avfall fra behandling av avgasser";Ja;Ja
Nivå;Kode;Beskrivelse;Registrerbar;Farlig
3;100506;"Slam og filterkaker fra behandling av avgasser";Ja;Ja
Nivå;Kode;Beskrivelse;Registrerbar;Farlig
3;100507;"Utgått: §4.2)Brukte fôringer og ildfaste materialer";Nei;Nei
Nivå;Kode;Beskrivelse;Registrerbar;Farlig
3;100508;"Oljeholdig avfall fra behandling av kjølevann";Ja;Ja
Nivå;Kode;Beskrivelse;Registrerbar;Farlig
3;100509;"Annet avfall fra behandling av kjølevann enn det nevnt i 10 05 08";Ja;Nei
Nivå;Kode;Beskrivelse;Registrerbar;Farlig
3;100510;"Dross og avrakingsslagg som er brannfarlig eller avgir farlige mengder brannfarlig gass ved kontakt med vann";Ja;Ja
Nivå;Kode;Beskrivelse;Registrerbar;Farlig
3;100511;"Annet dross og avrakingsslagg enn det nevnt i 10 04 10";Ja;Nei
Nivå;Kode;Beskrivelse;Registrerbar;Farlig
3;100599;"Avfall som ikke er spesifisert andre steder ";Ja;Nei
Nivå;Kode;Beskrivelse;Registrerbar;Farlig
2;1006;"Avfall fra varmebasert kopperproduksjon";Ja;Nei
Nivå;Kode;Beskrivelse;Registrerbar;Farlig
3;100601;"Slagg fra primær- og sekundærproduksjon";Ja;Nei
Nivå;Kode;Beskrivelse;Registrerbar;Farlig
3;100602;"Dross og avrakingsslagg fra primær- og sekundærproduksjon";Ja;Nei
Nivå;Kode;Beskrivelse;Registrerbar;Farlig
3;100603;"Støv fra filtrering av røykgass";Ja;Ja
Nivå;Kode;Beskrivelse;Registrerbar;Farlig
3;100604;"Andre partikler og støv";Ja;Nei
Nivå;Kode;Beskrivelse;Registrerbar;Farlig
3;100605;"Utgått: Avfall fra elektrolytisk raffinering";Nei;Nei
Nivå;Kode;Beskrivelse;Registrerbar;Farlig
3;100606;"Fast avfall fra behandling av avgasser";Ja;Ja
Nivå;Kode;Beskrivelse;Registrerbar;Farlig
3;100607;"Slam og filterkaker fra behandling av avgasser";Ja;Ja
Nivå;Kode;Beskrivelse;Registrerbar;Farlig
3;100608;"Utgått: §4.2)Brukte fôringer og ildfaste materialer";Nei;Nei
Nivå;Kode;Beskrivelse;Registrerbar;Farlig
3;100609;"Oljeholdig avfall fra behandling av kjølevann";Ja;Ja
Nivå;Kode;Beskrivelse;Registrerbar;Farlig
3;100610;"Annet avfall fra behandling av kjølevann enn det nevnt i 10 06 09";Ja;Nei
Nivå;Kode;Beskrivelse;Registrerbar;Farlig
3;100699;"Avfall som ikke er spesifisert andre steder ";Ja;Nei
Nivå;Kode;Beskrivelse;Registrerbar;Farlig
2;1007;"Avfall fra varmebasert produksjon av sølv, gull og platina";Ja;Nei
Nivå;Kode;Beskrivelse;Registrerbar;Farlig
3;100701;"Slagg fra primær- og sekundærproduksjon";Ja;Nei
Nivå;Kode;Beskrivelse;Registrerbar;Farlig
3;100702;"Dross og avrakingsslagg fra primær- og sekundærproduksjon";Ja;Nei
Nivå;Kode;Beskrivelse;Registrerbar;Farlig
3;100703;"Fast avfall fra behandling av avgasser";Ja;Nei
Nivå;Kode;Beskrivelse;Registrerbar;Farlig
3;100704;"Andre partikler og støv";Ja;Nei
Nivå;Kode;Beskrivelse;Registrerbar;Farlig
3;100705;"Slam og filterkaker fra behandling av avgasser";Ja;Nei
Nivå;Kode;Beskrivelse;Registrerbar;Farlig
3;100706;"Utgått: §4.2)Brukte fôringer og ildfaste materialer";Nei;Nei
Nivå;Kode;Beskrivelse;Registrerbar;Farlig
3;100707;"Oljeholdig avfall fra behandling av kjølevann";Ja;Ja
Nivå;Kode;Beskrivelse;Registrerbar;Farlig
3;100708;"Annet avfall fra behandling av kjølevann enn det nevnt i 10 07 07";Ja;Nei
Nivå;Kode;Beskrivelse;Registrerbar;Farlig
3;100799;"Avfall som ikke er spesifisert andre steder ";Ja;Nei
Nivå;Kode;Beskrivelse;Registrerbar;Farlig
2;1008;"Avfall fra varmebasert produksjon av andre ikke-jernholdige metaller";Ja;Nei
Nivå;Kode;Beskrivelse;Registrerbar;Farlig
3;100801;"Utgått: §4.2)Slagg (fra 1. og 2. smelting)";Nei;Nei
Nivå;Kode;Beskrivelse;Registrerbar;Farlig
3;100802;"Utgått: §4.2)Dross og skimmings (fra 1. og 2. smelting)";Nei;Nei
Nivå;Kode;Beskrivelse;Registrerbar;Farlig
3;100803;"Utgått: §4.2)Støv fra filtrering av røykgass";Nei;Nei
Nivå;Kode;Beskrivelse;Registrerbar;Farlig
3;100804;"Partikler og støv";Ja;Nei
Nivå;Kode;Beskrivelse;Registrerbar;Farlig
3;100805;"Utgått: §4.2)Fast avfall fra rensing av røykgass";Nei;Nei
Nivå;Kode;Beskrivelse;Registrerbar;Farlig
3;100806;"Utgått: §4.2)Slam fra rensing av røykgass";Nei;Nei
Nivå;Kode;Beskrivelse;Registrerbar;Farlig
3;100807;"Utgått: §4.2)Brukte fôringer og ildfaste materialer";Nei;Nei
Nivå;Kode;Beskrivelse;Registrerbar;Farlig
3;100808;"Saltslagg fra primær- og sekundærproduksjon";Ja;Ja
Nivå;Kode;Beskrivelse;Registrerbar;Farlig
3;100809;"Annet slagg";Ja;Nei
Nivå;Kode;Beskrivelse;Registrerbar;Farlig
3;100810;"Dross og avrakingsslagg som er brannfarlig eller avgir farlige mengder brannfarlig gass ved kontakt med vann";Ja;Ja
Nivå;Kode;Beskrivelse;Registrerbar;Farlig
3;100811;"Annet dross og avrakingsslagg enn det nevnt i 10 08 10";Ja;Nei
Nivå;Kode;Beskrivelse;Registrerbar;Farlig
3;100812;"Tjæreholdig avfall fra produksjon av anoder";Ja;Ja
Nivå;Kode;Beskrivelse;Registrerbar;Farlig
3;100813;"Annet karbonholdig avfall fra produksjon av anoder enn det nevnt i 10 08 12";Ja;Nei
Nivå;Kode;Beskrivelse;Registrerbar;Farlig
3;100814;"Anodeavfall";Ja;Nei
Nivå;Kode;Beskrivelse;Registrerbar;Farlig
3;100815;"Støv fra filtrering av røykgass som inneholder farlige stoffer";Ja;Ja
Nivå;Kode;Beskrivelse;Registrerbar;Farlig
3;100816;"Annet støv fra filtrering av røykgass enn det nevnt i 10 08 15";Ja;Nei
Nivå;Kode;Beskrivelse;Registrerbar;Farlig
3;100817;"Slam og filterkaker fra behandling av avgasser som inneholder farlige stoffer";Ja;Ja
Nivå;Kode;Beskrivelse;Registrerbar;Farlig
3;100818;"Annet slam og filterkaker fra behandling av avgasser enn det nevnt i 10 08 17";Ja;Nei
Nivå;Kode;Beskrivelse;Registrerbar;Farlig
3;100819;"Oljeholdig avfall fra behandling av kjølevann";Ja;Ja
Nivå;Kode;Beskrivelse;Registrerbar;Farlig
3;100820;"Annet avfall fra behandling av kjølevann enn det nevnt i 10 08 19";Ja;Nei
Nivå;Kode;Beskrivelse;Registrerbar;Farlig
3;100899;"Avfall som ikke er spesifisert andre steder ";Ja;Nei
Nivå;Kode;Beskrivelse;Registrerbar;Farlig
2;1009;"Avfall fra ferrometallstøping";Ja;Nei
Nivå;Kode;Beskrivelse;Registrerbar;Farlig
3;100901;"Utgått: §4.2)Støpekjerner og støpeformer som inneholder organiske bindemidler som ikke er brukt til støping";Nei;Nei
Nivå;Kode;Beskrivelse;Registrerbar;Farlig
3;100902;"Utgått: §4.2)Støpekjerner og støpeformer som inneholder organiske bindemidler som er brukt til støping";Nei;Nei
Nivå;Kode;Beskrivelse;Registrerbar;Farlig
3;100903;"Støpeovnsslagg";Ja;Nei
Nivå;Kode;Beskrivelse;Registrerbar;Farlig
3;100904;"Utgått: §4.2)Støpeovnsstøv";Nei;Nei
Nivå;Kode;Beskrivelse;Registrerbar;Farlig
3;100905;"Støpekjerner og støpeformer som ikke er brukt til støping og som inneholder farlige stoffer";Ja;Ja
Nivå;Kode;Beskrivelse;Registrerbar;Farlig
3;100906;"Andre støpekjerner og støpeformer som ikke er brukt til støping enn dem nevnt i 10 09 05";Ja;Nei
Nivå;Kode;Beskrivelse;Registrerbar;Farlig
3;100907;"Støpekjerner og støpeformer som er brukt til støping og som inneholder farlige stoffer";Ja;Ja
Nivå;Kode;Beskrivelse;Registrerbar;Farlig
3;100908;"Andre støpekjerner og støpeformer som er brukt til støping enn dem nevnt i 10 09 07";Ja;Nei
Nivå;Kode;Beskrivelse;Registrerbar;Farlig
3;100909;"Støv fra filtrering av røykgass som inneholder farlige stoffer";Ja;Ja
Nivå;Kode;Beskrivelse;Registrerbar;Farlig
3;100910;"Annet støv fra filtrering av røykgass enn det nevnt i 10 09 09";Ja;Nei
Nivå;Kode;Beskrivelse;Registrerbar;Farlig
3;100911;"Andre partikler som inneholder farlige stoffer";Ja;Ja
Nivå;Kode;Beskrivelse;Registrerbar;Farlig
3;100912;"Andre partikler enn dem nevnt i 10 09 11";Ja;Nei
Nivå;Kode;Beskrivelse;Registrerbar;Farlig
3;100913;"Bindemiddelavfall som inneholder farlige stoffer";Ja;Ja
Nivå;Kode;Beskrivelse;Registrerbar;Farlig
3;100914;"Annet bindemiddelavfall enn det nevnt i 10 09 13";Ja;Nei
Nivå;Kode;Beskrivelse;Registrerbar;Farlig
3;100915;"Avfall av sprekkindikatorvæske som inneholder farlige stoffer";Ja;Ja
Nivå;Kode;Beskrivelse;Registrerbar;Farlig
3;100916;"Annet avfall av sprekkindikatorvæske enn det nevnt i 10 09 15";Ja;Nei
Nivå;Kode;Beskrivelse;Registrerbar;Farlig
3;100999;"Avfall som ikke er spesifisert andre steder ";Ja;Nei
Nivå;Kode;Beskrivelse;Registrerbar;Farlig
2;1010;"Avfall fra støping av ikke-jernholdige metaller";Ja;Nei
Nivå;Kode;Beskrivelse;Registrerbar;Farlig
3;101001;"Utgått: §4.2)Støpekjerner og støpeformer som inneholder organiske bindemidler som ikke er brukt til støping";Nei;Nei
Nivå;Kode;Beskrivelse;Registrerbar;Farlig
3;101002;"Utgått: §4.2)Støpekjerner og støpeformer som inneholder organiske bindemidler som er brukt til støping";Nei;Nei
Nivå;Kode;Beskrivelse;Registrerbar;Farlig
3;101003;"Støpeovnsslagg";Ja;Nei
Nivå;Kode;Beskrivelse;Registrerbar;Farlig
3;101004;"Utgått: §4.2)Støpeovnsstøv";Nei;Nei
Nivå;Kode;Beskrivelse;Registrerbar;Farlig
3;101005;"Støpekjerner og støpeformer som ikke er brukt til støping og som inneholder farlige stoffer";Ja;Ja
Nivå;Kode;Beskrivelse;Registrerbar;Farlig
3;101006;"Andre støpekjerner og støpeformer som ikke er brukt til støping enn dem nevnt i 10 10 05";Ja;Nei
Nivå;Kode;Beskrivelse;Registrerbar;Farlig
3;101007;"Støpekjerner og støpeformer som er brukt til støping og som inneholder farlige stoffer";Ja;Ja
Nivå;Kode;Beskrivelse;Registrerbar;Farlig
3;101008;"Andre støpekjerner og støpeformer som er brukt til støping enn dem nevnt i 10 10 07";Ja;Nei
Nivå;Kode;Beskrivelse;Registrerbar;Farlig
3;101009;"Støv fra filtrering av røykgass som inneholder farlige stoffer";Ja;Ja
Nivå;Kode;Beskrivelse;Registrerbar;Farlig
3;101010;"Annet støv fra filtrering av røykgass enn det nevnt i 10 10 09";Ja;Nei
Nivå;Kode;Beskrivelse;Registrerbar;Farlig
3;101011;"Andre partikler som inneholder farlige stoffer";Ja;Ja
Nivå;Kode;Beskrivelse;Registrerbar;Farlig
3;101012;"Andre partikler enn dem nevnt i 10 10 11";Ja;Nei
Nivå;Kode;Beskrivelse;Registrerbar;Farlig
3;101013;"Bindemiddelavfall som inneholder farlige stoffer";Ja;Ja
Nivå;Kode;Beskrivelse;Registrerbar;Farlig
3;101014;"Annet bindemiddelavfall enn det nevnt i 10 10 13";Ja;Nei
Nivå;Kode;Beskrivelse;Registrerbar;Farlig
3;101015;"Avfall av sprekkindikatorvæske som inneholder farlige stoffer";Ja;Ja
Nivå;Kode;Beskrivelse;Registrerbar;Farlig
3;101016;"Annet avfall av sprekkindikatorvæske enn det nevnt i 10 10 15";Ja;Nei
Nivå;Kode;Beskrivelse;Registrerbar;Farlig
3;101099;"Avfall som ikke er spesifisert andre steder ";Ja;Nei
Nivå;Kode;Beskrivelse;Registrerbar;Farlig
2;1011;"Avfall fra produksjon av glass og glassprodukter";Ja;Nei
Nivå;Kode;Beskrivelse;Registrerbar;Farlig
3;101101;"Utgått: §4.2)Avfall fra tilberedning før varmebehandling";Nei;Nei
Nivå;Kode;Beskrivelse;Registrerbar;Farlig
3;101102;"Utgått: §4.2)Glassavfall";Nei;Nei
Nivå;Kode;Beskrivelse;Registrerbar;Farlig
3;101103;"Glassfiberavfall";Ja;Nei
Nivå;Kode;Beskrivelse;Registrerbar;Farlig
3;101104;"Utgått: §4.2)Flygeaske";Nei;Nei
Nivå;Kode;Beskrivelse;Registrerbar;Farlig
3;101105;"Partikler og støv";Ja;Nei
Nivå;Kode;Beskrivelse;Registrerbar;Farlig
3;101106;"Utgått: §4.2)Fast avfall fra rensing av røykgass";Nei;Nei
Nivå;Kode;Beskrivelse;Registrerbar;Farlig
3;101107;"Utgått: §4.2)Slam fra rensing av røykgass";Nei;Nei
Nivå;Kode;Beskrivelse;Registrerbar;Farlig
3;101108;"Utgått: §4.2)Brukte fôringer og ildfaste materialer";Nei;Nei
Nivå;Kode;Beskrivelse;Registrerbar;Farlig
3;101109;"Avfall av råstoffblanding før varmebehandling som inneholder farlige stoffer";Ja;Ja
Nivå;Kode;Beskrivelse;Registrerbar;Farlig
3;101110;"Annet avfall av råstoffblanding før varmebehandling enn det nevnt i 10 11 09";Ja;Nei
Nivå;Kode;Beskrivelse;Registrerbar;Farlig
3;101111;"Glassavfall i små partikler og glasspulver som inneholder tungmetaller (for eksempel fra katodestrålerør)";Ja;Ja
Nivå;Kode;Beskrivelse;Registrerbar;Farlig
3;101112;"Annet glassavfall enn det nevnt i 10 11 11";Ja;Nei
Nivå;Kode;Beskrivelse;Registrerbar;Farlig
3;101113;"Slam fra polering og sliping av glass som inneholder farlige stoffer";Ja;Ja
Nivå;Kode;Beskrivelse;Registrerbar;Farlig
3;101114;"Annet slam fra polering og sliping av glass enn det nevnt i 10 11 13";Ja;Nei
Nivå;Kode;Beskrivelse;Registrerbar;Farlig
3;101115;"Fast avfall fra behandling av røykgass som inneholder farlige stoffer";Ja;Ja
Nivå;Kode;Beskrivelse;Registrerbar;Farlig
3;101116;"Annet fast avfall fra behandling av røykgass enn det nevnt i 10 11 15";Ja;Nei
Nivå;Kode;Beskrivelse;Registrerbar;Farlig
3;101117;"Slam og filterkaker fra behandling av røykgass som inneholder farlige stoffer";Ja;Ja
Nivå;Kode;Beskrivelse;Registrerbar;Farlig
3;101118;"Annet slam og filterkaker fra behandling av røykgass enn det nevnt i 10 11 17";Ja;Nei
Nivå;Kode;Beskrivelse;Registrerbar;Farlig
3;101119;"Fast avfall fra behandling av avløpsvann på produksjonsstedet som inneholder farlige stoffer";Ja;Ja
Nivå;Kode;Beskrivelse;Registrerbar;Farlig
3;101120;"Annet fast avfall fra behandling av avløpsvann på produksjonsstedet enn det nevnt i 10 11 19";Ja;Nei
Nivå;Kode;Beskrivelse;Registrerbar;Farlig
3;101199;"Avfall som ikke er spesifisert andre steder ";Ja;Nei
Nivå;Kode;Beskrivelse;Registrerbar;Farlig
2;1012;"Avfall fra produksjon av keramikk, murstein, takstein og byggevarer";Ja;Nei
Nivå;Kode;Beskrivelse;Registrerbar;Farlig
3;101201;"Avfall av råstoffblanding før varmebehandling";Ja;Nei
Nivå;Kode;Beskrivelse;Registrerbar;Farlig
3;101202;"Utgått: §4.2)Flygeaske";Nei;Nei
Nivå;Kode;Beskrivelse;Registrerbar;Farlig
3;101203;"Partikler og støv";Ja;Nei
Nivå;Kode;Beskrivelse;Registrerbar;Farlig
3;101204;"Utgått: §4.2)Fast avfall fra rensing av røykgass";Nei;Nei
Nivå;Kode;Beskrivelse;Registrerbar;Farlig
3;101205;"Slam og filterkaker fra behandling av avgasser";Ja;Nei
Nivå;Kode;Beskrivelse;Registrerbar;Farlig
3;101206;"Kasserte former";Ja;Nei
Nivå;Kode;Beskrivelse;Registrerbar;Farlig
3;101207;"Utgått: §4.2)Brukte fôringer og ildfaste materialer";Nei;Nei
Nivå;Kode;Beskrivelse;Registrerbar;Farlig
3;101208;"Avfall av keramikk, murstein, takstein og byggevarer (etter varmebehandling)";Ja;Nei
Nivå;Kode;Beskrivelse;Registrerbar;Farlig
3;101209;"Fast avfall fra behandling av avgasser som inneholder farlige stoffer";Ja;Ja
Nivå;Kode;Beskrivelse;Registrerbar;Farlig
3;101210;"Annet fast avfall fra behandling av avgasser enn det nevnt i 10 12 09";Ja;Nei
Nivå;Kode;Beskrivelse;Registrerbar;Farlig
3;101211;"Glaseringsavfall som inneholder tungmetaller";Ja;Ja
Nivå;Kode;Beskrivelse;Registrerbar;Farlig
3;101212;"Annet glaseringsavfall enn det nevnt i 10 12 11";Ja;Nei
Nivå;Kode;Beskrivelse;Registrerbar;Farlig
3;101213;"Slam fra behandling av avløpsvann på produksjonsstedet";Ja;Nei
Nivå;Kode;Beskrivelse;Registrerbar;Farlig
3;101299;"Avfall som ikke er spesifisert andre steder ";Ja;Nei
Nivå;Kode;Beskrivelse;Registrerbar;Farlig
2;1013;"Avfall fra produksjon av sement, kalk og gips og gjenstander og produkter fremstilt av disse materialene";Ja;Nei
Nivå;Kode;Beskrivelse;Registrerbar;Farlig
3;101301;"Avfall av råstoffblanding før varmebehandling";Ja;Nei
Nivå;Kode;Beskrivelse;Registrerbar;Farlig
3;101302;"Utgått: §4.2)Avfall fra produksjon av asbestsement";Nei;Nei
Nivå;Kode;Beskrivelse;Registrerbar;Farlig
3;101303;"Utgått: §4.2)Avfall fra produksjon av sementbaserte blandingsmaterialer";Nei;Nei
Nivå;Kode;Beskrivelse;Registrerbar;Farlig
3;101304;"Avfall fra kalsinering og lesking av kalk";Ja;Nei
Nivå;Kode;Beskrivelse;Registrerbar;Farlig
3;101305;"Utgått: §4.2)Fast avfall fra rensing av røykgass";Nei;Nei
Nivå;Kode;Beskrivelse;Registrerbar;Farlig
3;101306;"Partikler og støv (unntatt 10 13 12 og 10 13 13)";Ja;Nei
Nivå;Kode;Beskrivelse;Registrerbar;Farlig
3;101307;"Slam og filterkaker fra behandling av avgasser";Ja;Nei
Nivå;Kode;Beskrivelse;Registrerbar;Farlig
3;101308;"Utgått: §4.2)Brukte fôringer og ildfaste materialer";Nei;Nei
Nivå;Kode;Beskrivelse;Registrerbar;Farlig
3;101309;"Asbestholdig avfall fra fremstilling av asbestsement";Ja;Ja
Nivå;Kode;Beskrivelse;Registrerbar;Farlig
3;101310;"Annet avfall fra fremstilling av asbestsement enn det nevnt i 10 13 09";Ja;Nei
Nivå;Kode;Beskrivelse;Registrerbar;Farlig
3;101311;"Annet avfall av sementtbaserte komposittmaterialer enn det nevnt i 10 13 09 og 10 13 10";Ja;Nei
Nivå;Kode;Beskrivelse;Registrerbar;Farlig
3;101312;"Fast avfall fra behandling av avgasser som inneholder farlige stoffer";Ja;Ja
Nivå;Kode;Beskrivelse;Registrerbar;Farlig
3;101313;"Annet fast avfall fra behandling av avgasser enn det nevnt i 10 13 12";Ja;Nei
Nivå;Kode;Beskrivelse;Registrerbar;Farlig
3;101314;"Betongavfall og betongslam";Ja;Nei
Nivå;Kode;Beskrivelse;Registrerbar;Farlig
3;101399;"Avfall som ikke er spesifisert andre steder ";Ja;Nei
Nivå;Kode;Beskrivelse;Registrerbar;Farlig
2;1014;"Avfall fra krematorier";Ja;Nei
Nivå;Kode;Beskrivelse;Registrerbar;Farlig
3;101401;"Kvikksølvholdig avfall fra rensing av avgasser";Ja;Ja
Nivå;Kode;Beskrivelse;Registrerbar;Farlig
1;11;"Avfall fra kjemisk overflatebehandling og belegging av metaller og andre materialer, og fra hydrometallurgi med ikke-jernholdige metaller";Ja;Nei
Nivå;Kode;Beskrivelse;Registrerbar;Farlig
2;1101;"Avfall fra kjemisk overflatebehandling og belegging av metaller og andre materialer (f.eks. galvaniseringsprosesser, forsinkingsprosesser, beising, etsing, fosfatering, alkalisk avfetting og anodisering)";Ja;Nei
Nivå;Kode;Beskrivelse;Registrerbar;Farlig
3;110101;"Utgått: Cyanidisk (alkalisk) avfall som inneholder andre tungmetaller enn krom";Nei;Nei
Nivå;Kode;Beskrivelse;Registrerbar;Farlig
3;110102;"Utgått: Cyanidisk (alkalisk) avfall uten tungmetaller";Nei;Nei
Nivå;Kode;Beskrivelse;Registrerbar;Farlig
3;110103;"Utgått: Ikke-cyanidisk avfall som inneholder krom";Nei;Nei
Nivå;Kode;Beskrivelse;Registrerbar;Farlig
3;110104;"Utgått: §4.2)Ikke-cyanidisk avfall uten krom";Nei;Nei
Nivå;Kode;Beskrivelse;Registrerbar;Farlig
3;110105;"Sur beis";Ja;Ja
Nivå;Kode;Beskrivelse;Registrerbar;Farlig
3;110106;"Syrer som ikke er spesifisert andre steder";Ja;Ja
Nivå;Kode;Beskrivelse;Registrerbar;Farlig
3;110107;"Basisk beis";Ja;Ja
Nivå;Kode;Beskrivelse;Registrerbar;Farlig
3;110108;"Fosfateringsslam";Ja;Ja
Nivå;Kode;Beskrivelse;Registrerbar;Farlig
3;110109;"Slam og filterkaker som inneholder farlige stoffer";Ja;Ja
Nivå;Kode;Beskrivelse;Registrerbar;Farlig
3;110110;"Annet slam og filterkaker enn det nevnt i 11 01 09";Ja;Nei
Nivå;Kode;Beskrivelse;Registrerbar;Farlig
3;110111;"Skyllevann som inneholder farlige stoffer";Ja;Ja
Nivå;Kode;Beskrivelse;Registrerbar;Farlig
3;110112;"Annet skyllevann enn det nevnt i 11 01 11";Ja;Nei
Nivå;Kode;Beskrivelse;Registrerbar;Farlig
3;110113;"Avfettingsavfall som inneholder farlige stoffer";Ja;Ja
Nivå;Kode;Beskrivelse;Registrerbar;Farlig
3;110114;"Annet avfettingsavfall enn det nevnt i 11 01 13";Ja;Nei
Nivå;Kode;Beskrivelse;Registrerbar;Farlig
3;110115;"Eluat og slam fra membransystemer eller ionebyttingssystemer som inneholder farlige stoffer";Ja;Ja
Nivå;Kode;Beskrivelse;Registrerbar;Farlig
3;110116;"Mettede eller brukte ionebytterharpikser";Ja;Ja
Nivå;Kode;Beskrivelse;Registrerbar;Farlig
3;110198;"Annet avfall som inneholder farlige stoffer";Ja;Ja
Nivå;Kode;Beskrivelse;Registrerbar;Farlig
3;110199;"Avfall som ikke er spesifisert andre steder";Ja;Nei
Nivå;Kode;Beskrivelse;Registrerbar;Farlig
2;1102;"Avfall fra hydrometallurgiske prosesser med ikke-jernholdige metaller";Ja;Nei
Nivå;Kode;Beskrivelse;Registrerbar;Farlig
3;110201;"Utgått: Slam fra kobberhydrometallurgi";Nei;Nei
Nivå;Kode;Beskrivelse;Registrerbar;Farlig
3;110202;"Slam fra sinkhydrometallurgi (herunder jarositt og goethitt)";Ja;Ja
Nivå;Kode;Beskrivelse;Registrerbar;Farlig
3;110203;"Avfall fra produksjon av anoder for vandige elektrolyseprosesser";Ja;Nei
Nivå;Kode;Beskrivelse;Registrerbar;Farlig
3;110204;"Utgått: Annet ikke spesifisert slam (som inneholder tungmetaller)";Nei;Nei
Nivå;Kode;Beskrivelse;Registrerbar;Farlig
3;110205;"Avfall fra kopperbaserte hydrometallurgiske prosesser som inneholder farlige stoffer";Ja;Ja
Nivå;Kode;Beskrivelse;Registrerbar;Farlig
3;110206;"Annet avfall fra kopperbaserte hydrometallurgiske prosesser enn det nevnt i 11 02 05";Ja;Nei
Nivå;Kode;Beskrivelse;Registrerbar;Farlig
3;110207;"Annet avfall som inneholder farlige stoffer";Ja;Ja
Nivå;Kode;Beskrivelse;Registrerbar;Farlig
3;110299;"Avfall som ikke er spesifisert andre steder";Ja;Nei
Nivå;Kode;Beskrivelse;Registrerbar;Farlig
2;1103;"Slam og fast avfall fra herdeprosesser";Ja;Nei
Nivå;Kode;Beskrivelse;Registrerbar;Farlig
3;110301;"Cyanidholdig avfall";Ja;Ja
Nivå;Kode;Beskrivelse;Registrerbar;Farlig
3;110302;"Annet avfall";Ja;Ja
Nivå;Kode;Beskrivelse;Registrerbar;Farlig
2;1104;"UTGÅTT: ANNET UORGANISK AVFALL SOM INNEHOLDER METALLER IKKE SPESIFISERT ANDRE STEDER";Nei;Nei
Nivå;Kode;Beskrivelse;Registrerbar;Farlig
3;110401;"Utgått: §4.2)Annet uorganisk avfall som inneholder metaller ikke spesifisert andre steder";Nei;Nei
Nivå;Kode;Beskrivelse;Registrerbar;Farlig
2;1105;"Avfall fra varmforsinkingsprosesser";Ja;Nei
Nivå;Kode;Beskrivelse;Registrerbar;Farlig
3;110501;"Hardsink";Ja;Nei
Nivå;Kode;Beskrivelse;Registrerbar;Farlig
3;110502;"Sinkaske";Ja;Nei
Nivå;Kode;Beskrivelse;Registrerbar;Farlig
3;110503;"Fast avfall fra behandling av avgasser";Ja;Ja
Nivå;Kode;Beskrivelse;Registrerbar;Farlig
3;110504;"Brukt flussmiddel";Ja;Ja
Nivå;Kode;Beskrivelse;Registrerbar;Farlig
3;110599;"Avfall som ikke er spesifisert andre steder";Ja;Nei
Nivå;Kode;Beskrivelse;Registrerbar;Farlig
1;12;"Avfall fra forming og fysisk og mekanisk overflatebehandling av metaller og plast";Ja;Nei
Nivå;Kode;Beskrivelse;Registrerbar;Farlig
2;1201;"Avfall fra forming og fysisk og mekanisk overflatebehandling av metaller og plast";Ja;Nei
Nivå;Kode;Beskrivelse;Registrerbar;Farlig
3;120101;"Filspon og dreiespon av ferrometaller";Ja;Nei
Nivå;Kode;Beskrivelse;Registrerbar;Farlig
3;120102;"Støv og partikler av ferrometaller";Ja;Nei
Nivå;Kode;Beskrivelse;Registrerbar;Farlig
3;120103;"Filspon og dreiespon av ikke-jernholdige metaller";Ja;Nei
Nivå;Kode;Beskrivelse;Registrerbar;Farlig
3;120104;"Støv og partikler av ikke-jernholdige metaller";Ja;Nei
Nivå;Kode;Beskrivelse;Registrerbar;Farlig
3;120105;"Plastspon";Ja;Nei
Nivå;Kode;Beskrivelse;Registrerbar;Farlig
3;120106;"Mineralbaserte bearbeidingsoljer som inneholder halogener (unntatt emulsjoner og løsninger)";Ja;Ja
Nivå;Kode;Beskrivelse;Registrerbar;Farlig
3;120107;"Mineralbaserte bearbeidingsoljer uten halogener (unntatt emulsjoner og løsninger)";Ja;Ja
Nivå;Kode;Beskrivelse;Registrerbar;Farlig
3;120108;"Bearbeidingsemulsjoner og -løsninger som inneholder halogener";Ja;Ja
Nivå;Kode;Beskrivelse;Registrerbar;Farlig
3;120109;"Bearbeidingsemulsjoner og -løsninger uten halogener";Ja;Ja
Nivå;Kode;Beskrivelse;Registrerbar;Farlig
3;120110;"Syntetiske bearbeidingsoljer";Ja;Ja
Nivå;Kode;Beskrivelse;Registrerbar;Farlig
3;120111;"Utgått: Bearbeidingsslam";Nei;Nei
Nivå;Kode;Beskrivelse;Registrerbar;Farlig
3;120112;"Voks- og fettavfall";Ja;Ja
Nivå;Kode;Beskrivelse;Registrerbar;Farlig
3;120113;"Sveiseavfall";Ja;Nei
Nivå;Kode;Beskrivelse;Registrerbar;Farlig
3;120114;"Bearbeidingsslam som inneholder farlige stoffer";Ja;Ja
Nivå;Kode;Beskrivelse;Registrerbar;Farlig
3;120115;"Annet bearbeidingsslam enn det nevnt i 12 01 14";Ja;Nei
Nivå;Kode;Beskrivelse;Registrerbar;Farlig
3;120116;"Avfall fra sandblåsing som inneholder farlige stoffer";Ja;Ja
Nivå;Kode;Beskrivelse;Registrerbar;Farlig
3;120117;"Annet avfall fra sandblåsing enn det nevnt i 12 01 16";Ja;Nei
Nivå;Kode;Beskrivelse;Registrerbar;Farlig
3;120118;"Oljeholdig metallslam (fra sliping og finsliping)";Ja;Ja
Nivå;Kode;Beskrivelse;Registrerbar;Farlig
3;120119;"Biologisk lett nedbrytbar bearbeidingsolje";Ja;Ja
Nivå;Kode;Beskrivelse;Registrerbar;Farlig
3;120120;"Brukte slipegjenstander og slipematerialer som inneholder farlige stoffer";Ja;Ja
Nivå;Kode;Beskrivelse;Registrerbar;Farlig
3;120121;"Andre brukte slipegjenstander og slipematerialer enn dem nevnt i 12 01 20";Ja;Nei
Nivå;Kode;Beskrivelse;Registrerbar;Farlig
3;120199;"Avfall som ikke er spesifisert andre steder ";Ja;Nei
Nivå;Kode;Beskrivelse;Registrerbar;Farlig
2;1202;"UTGÅTT: AVFALL FRA MEKANISK OVERFLATEBEHANDLING (RENBLÅSING, SLIPING, FINSLIPING, POLERING)";Nei;Nei
Nivå;Kode;Beskrivelse;Registrerbar;Farlig
3;120201;"Utgått: Brukt blåsesand (fra blåsing av materiale belagt med kadmium-, bly-, arsen- kobber-, kvikksølv- eller tinnforbindelser )";Nei;Nei
Nivå;Kode;Beskrivelse;Registrerbar;Farlig
3;120202;"Utgått: §4.2)Slam fra sliping og finsliping";Nei;Nei
Nivå;Kode;Beskrivelse;Registrerbar;Farlig
3;120203;"Utgått: §4.2)Slam fra polering";Nei;Nei
Nivå;Kode;Beskrivelse;Registrerbar;Farlig
3;120299;"Utgått: §4.2)Annet ikke spesifisert avfall";Nei;Nei
Nivå;Kode;Beskrivelse;Registrerbar;Farlig
2;1203;"Avfall fra avfettingsprosesser med vann og damp (unntatt 11)";Ja;Nei
Nivå;Kode;Beskrivelse;Registrerbar;Farlig
3;120301;"Vandige rengjøringsvæsker";Ja;Ja
Nivå;Kode;Beskrivelse;Registrerbar;Farlig
3;120302;"Avfall fra dampavfetting";Ja;Ja
Nivå;Kode;Beskrivelse;Registrerbar;Farlig
1;13;"Avfall av oljer og flytende brensel (unntatt matoljer og 05, 12 og 19)";Ja;Nei
Nivå;Kode;Beskrivelse;Registrerbar;Farlig
2;1301;"Avfall av hydrauliske oljer";Ja;Nei
Nivå;Kode;Beskrivelse;Registrerbar;Farlig
3;130101;"Hydrauliske oljer som inneholder PCB";Ja;Ja
Nivå;Kode;Beskrivelse;Registrerbar;Farlig
3;130102;"Utgått: Andre klorerte hydrauliske oljer (unntatt emulsjoner)";Nei;Nei
Nivå;Kode;Beskrivelse;Registrerbar;Farlig
3;130103;"Utgått: Ikke-klorerte hydrauliske oljer (unntatt emulsjoner)";Nei;Nei
Nivå;Kode;Beskrivelse;Registrerbar;Farlig
3;130104;"Klorerte emulsjoner";Ja;Ja
Nivå;Kode;Beskrivelse;Registrerbar;Farlig
3;130105;"Ikke-klorerte emulsjoner";Ja;Ja
Nivå;Kode;Beskrivelse;Registrerbar;Farlig
3;130106;"Utgått: Mineralske hydrauliske oljer";Nei;Nei
Nivå;Kode;Beskrivelse;Registrerbar;Farlig
3;130107;"Utgått: Andre hydrauliske oljer";Nei;Nei
Nivå;Kode;Beskrivelse;Registrerbar;Farlig
3;130108;"Utgått: Bremsevæsker";Nei;Nei
Nivå;Kode;Beskrivelse;Registrerbar;Farlig
3;130109;"Mineralbaserte klorerte hydrauliske oljer";Ja;Ja
Nivå;Kode;Beskrivelse;Registrerbar;Farlig
3;130110;"Mineralbaserte ikke-klorerte hydrauliske oljer";Ja;Ja
Nivå;Kode;Beskrivelse;Registrerbar;Farlig
3;130111;"Syntetiske hydrauliske oljer";Ja;Ja
Nivå;Kode;Beskrivelse;Registrerbar;Farlig
3;130112;"Biologisk lett nedbrytbare hydrauliske oljer";Ja;Ja
Nivå;Kode;Beskrivelse;Registrerbar;Farlig
3;130113;"Andre hydrauliske oljer";Ja;Ja
Nivå;Kode;Beskrivelse;Registrerbar;Farlig
2;1302;"Avfall av motoroljer, giroljer og smøreoljer";Ja;Nei
Nivå;Kode;Beskrivelse;Registrerbar;Farlig
3;130201;"Utgått: Klorerte motoroljer, giroljer og smøreoljer";Nei;Nei
Nivå;Kode;Beskrivelse;Registrerbar;Farlig
3;130202;"Utgått: Ikke-klorerte motoroljer, giroljer og smøreoljer";Nei;Nei
Nivå;Kode;Beskrivelse;Registrerbar;Farlig
3;130203;"Utgått: Andre motoroljer, giroljer og smøreoljer";Nei;Nei
Nivå;Kode;Beskrivelse;Registrerbar;Farlig
3;130204;"Mineralbaserte klorerte motoroljer, giroljer og smøreoljer";Ja;Ja
Nivå;Kode;Beskrivelse;Registrerbar;Farlig
3;130205;"Mineralbaserte ikke-klorerte motoroljer, giroljer og smøreoljer ";Ja;Ja
Nivå;Kode;Beskrivelse;Registrerbar;Farlig
3;130206;"Syntetiske motoroljer, giroljer og smøreoljer";Ja;Ja
Nivå;Kode;Beskrivelse;Registrerbar;Farlig
3;130207;"Biologisk lett nedbrytbare motoroljer, giroljer og smøreoljer";Ja;Ja
Nivå;Kode;Beskrivelse;Registrerbar;Farlig
3;130208;"Andre motoroljer, giroljer og smøreoljer";Ja;Ja
Nivå;Kode;Beskrivelse;Registrerbar;Farlig
2;1303;"Avfall av transformatoroljer og varmeoverførende oljer";Ja;Nei
Nivå;Kode;Beskrivelse;Registrerbar;Farlig
3;130301;"Transformatoroljer og varmeoverførende oljer som inneholder PCB";Ja;Ja
Nivå;Kode;Beskrivelse;Registrerbar;Farlig
3;130302;"Utgått: Andre klorerte isolasjonsoljer og varmeoverføringsoljer og andre væsker";Nei;Nei
Nivå;Kode;Beskrivelse;Registrerbar;Farlig
3;130303;"Utgått: Ikke-klorerte isolasjonsoljer, varmeoverføringsoljer og andre væsker";Nei;Nei
Nivå;Kode;Beskrivelse;Registrerbar;Farlig
3;130304;"Utgått: Syntetiske isolasjonsoljer, varmeoverføringsoljer og andre væsker";Nei;Nei
Nivå;Kode;Beskrivelse;Registrerbar;Farlig
3;130305;"Utgått: Mineralske isolasjonsoljer, varmeoverføringsoljer og andre væsker";Nei;Nei
Nivå;Kode;Beskrivelse;Registrerbar;Farlig
3;130306;"Andre mineralbaserte klorerte transformatoroljer og varmeoverførende oljer enn dem nevnt i 13 03 01";Ja;Ja
Nivå;Kode;Beskrivelse;Registrerbar;Farlig
3;130307;"Mineralbaserte ikke-klorerte transformatoroljer og varmeoverførende oljer";Ja;Ja
Nivå;Kode;Beskrivelse;Registrerbar;Farlig
3;130308;"Syntetiske transformatoroljer og varmeoverførende oljer";Ja;Ja
Nivå;Kode;Beskrivelse;Registrerbar;Farlig
3;130309;"Biologisk lett nedbrytbare transformatoroljer og varmeoverførende oljer";Ja;Ja
Nivå;Kode;Beskrivelse;Registrerbar;Farlig
3;130310;"Andre transformatoroljer og varmeoverførende oljer";Ja;Ja
Nivå;Kode;Beskrivelse;Registrerbar;Farlig
2;1304;"Bunnoljer";Ja;Nei
Nivå;Kode;Beskrivelse;Registrerbar;Farlig
3;130401;"Bunnoljer fra fart på innlands vannveier";Ja;Ja
Nivå;Kode;Beskrivelse;Registrerbar;Farlig
3;130402;"Bunnoljer fra moloavløp";Ja;Ja
Nivå;Kode;Beskrivelse;Registrerbar;Farlig
3;130403;"Bunnoljer fra andre typer skipsfart";Ja;Ja
Nivå;Kode;Beskrivelse;Registrerbar;Farlig
2;1305;"Innhold i vann/olje-separatorer";Ja;Nei
Nivå;Kode;Beskrivelse;Registrerbar;Farlig
3;130501;"Fast avfall fra sandfang og olje/vann-separatorer";Ja;Ja
Nivå;Kode;Beskrivelse;Registrerbar;Farlig
3;130502;"Slam fra olje/vann-separatorer";Ja;Ja
Nivå;Kode;Beskrivelse;Registrerbar;Farlig
3;130503;"Slam fra oljeutskillere";Ja;Ja
Nivå;Kode;Beskrivelse;Registrerbar;Farlig
3;130504;"Utgått: Avsaltingsslam eller -emulsjoner";Nei;Nei
Nivå;Kode;Beskrivelse;Registrerbar;Farlig
3;130505;"Utgått: Andre emulsjoner";Nei;Nei
Nivå;Kode;Beskrivelse;Registrerbar;Farlig
3;130506;"Olje fra olje/vann-separatorer";Ja;Ja
Nivå;Kode;Beskrivelse;Registrerbar;Farlig
3;130507;"Oljeholdig vann fra olje/vann-separatorer";Ja;Ja
Nivå;Kode;Beskrivelse;Registrerbar;Farlig
3;130508;"Blandet avfall fra sandfang og olje/vann-separatorer";Ja;Ja
Nivå;Kode;Beskrivelse;Registrerbar;Farlig
2;1306;"UTGÅTT: BRUKTE OLJER IKKE SPESIFISERT ANDRE STEDER";Nei;Nei
Nivå;Kode;Beskrivelse;Registrerbar;Farlig
3;130601;"Utgått: Brukte oljer ikke spesifisert andre steder";Nei;Nei
Nivå;Kode;Beskrivelse;Registrerbar;Farlig
2;1307;"Avfall av flytende brensel";Ja;Nei
Nivå;Kode;Beskrivelse;Registrerbar;Farlig
3;130701;"Fyringsolje og dieselolje";Ja;Ja
Nivå;Kode;Beskrivelse;Registrerbar;Farlig
3;130702;"Bensin";Ja;Ja
Nivå;Kode;Beskrivelse;Registrerbar;Farlig
3;130703;"Annet brensel (herunder blandinger)";Ja;Ja
Nivå;Kode;Beskrivelse;Registrerbar;Farlig
2;1308;"Oljeavfall som ikke er spesifisert andre steder";Ja;Nei
Nivå;Kode;Beskrivelse;Registrerbar;Farlig
3;130801;"Avsaltingsslam eller -emulsjoner";Ja;Ja
Nivå;Kode;Beskrivelse;Registrerbar;Farlig
3;130802;"Andre emulsjoner";Ja;Ja
Nivå;Kode;Beskrivelse;Registrerbar;Farlig
3;130899;"Avfall som ikke er spesifisert andre steder";Ja;Ja
Nivå;Kode;Beskrivelse;Registrerbar;Farlig
1;14;"Avfall av organiske løsemidler, kjølemidler og drivmidler (unntatt 07 og 08)";Ja;Nei
Nivå;Kode;Beskrivelse;Registrerbar;Farlig
2;1401;"UTGÅTT: AVFALL FRA AVFETTING AV METALLER OG VEDLIKEHOLD AV MASKINER";Nei;Nei
Nivå;Kode;Beskrivelse;Registrerbar;Farlig
3;140101;"Utgått: Klorfluorkarboner";Nei;Nei
Nivå;Kode;Beskrivelse;Registrerbar;Farlig
3;140102;"Utgått: Andre halogenerte løsemidler og løsemiddelblandinger";Nei;Nei
Nivå;Kode;Beskrivelse;Registrerbar;Farlig
3;140103;"Utgått: Andre løsemidler og løsemiddelblandinger";Nei;Nei
Nivå;Kode;Beskrivelse;Registrerbar;Farlig
3;140104;"Utgått: Vandige halogenerte løsemiddelblandinger";Nei;Nei
Nivå;Kode;Beskrivelse;Registrerbar;Farlig
3;140105;"Utgått: Vandige løsemiddelblandinger uten halogen";Nei;Nei
Nivå;Kode;Beskrivelse;Registrerbar;Farlig
3;140106;"Utgått: Slam eller fast avfall som inneholder halogenerte løsemidler";Nei;Nei
Nivå;Kode;Beskrivelse;Registrerbar;Farlig
3;140107;"Utgått: Slam eller fast avfall uten halogenerte løsemidler";Nei;Nei
Nivå;Kode;Beskrivelse;Registrerbar;Farlig
2;1402;"UTGÅTT: AVFALL FRA RENGJØRING AV TEKSTILER OG AVFETTING AV NATURPRODUKTER";Nei;Nei
Nivå;Kode;Beskrivelse;Registrerbar;Farlig
3;140201;"Utgått: Halogenerte løsemidler og løsemiddelblandinger";Nei;Nei
Nivå;Kode;Beskrivelse;Registrerbar;Farlig
3;140202;"Utgått: Løsemiddelblandinger eller organiske væsker uten halogenerte løsemidler";Nei;Nei
Nivå;Kode;Beskrivelse;Registrerbar;Farlig
3;140203;"Utgått: Slam eller fast avfall som inneholder halogenerte løsemidler";Nei;Nei
Nivå;Kode;Beskrivelse;Registrerbar;Farlig
3;140204;"Utgått: Slam eller fast avfall som inneholder andre løsemidler";Nei;Nei
Nivå;Kode;Beskrivelse;Registrerbar;Farlig
2;1403;"UTGÅTT: AVFALL FRA ELEKTRONIKKINDUSTRIEN";Nei;Nei
Nivå;Kode;Beskrivelse;Registrerbar;Farlig
3;140301;"Utgått: Klorfluorkarboner";Nei;Nei
Nivå;Kode;Beskrivelse;Registrerbar;Farlig
3;140302;"Utgått: Andre halogenerte løsemidler";Nei;Nei
Nivå;Kode;Beskrivelse;Registrerbar;Farlig
3;140303;"Utgått: Løsemidler og løsemiddelblandinger uten halogenerte løsemidler";Nei;Nei
Nivå;Kode;Beskrivelse;Registrerbar;Farlig
3;140304;"Utgått: Slam eller fast avfall som inneholder halogenerte løsemidler";Nei;Nei
Nivå;Kode;Beskrivelse;Registrerbar;Farlig
3;140305;"Utgått: Slam eller fast avfall som inneholder andre løsemidler";Nei;Nei
Nivå;Kode;Beskrivelse;Registrerbar;Farlig
2;1404;"UTGÅTT: AVFALL FRA KJØLEVÆSKER OG AEROSOL- OG SKUMDRIVGASSER";Nei;Nei
Nivå;Kode;Beskrivelse;Registrerbar;Farlig
3;140401;"Utgått: Klorfluorkarboner";Nei;Nei
Nivå;Kode;Beskrivelse;Registrerbar;Farlig
3;140402;"Utgått: Andre halogenerte løsemidler og løsemiddelblandinger";Nei;Nei
Nivå;Kode;Beskrivelse;Registrerbar;Farlig
3;140403;"Utgått: Andre løsemidler og løsemiddelblandinger";Nei;Nei
Nivå;Kode;Beskrivelse;Registrerbar;Farlig
3;140404;"Utgått: Slam eller fast avfall som inneholder halogenerte løsemidler";Nei;Nei
Nivå;Kode;Beskrivelse;Registrerbar;Farlig
3;140405;"Utgått: Slam eller fast avfall som inneholder andre løsemidler";Nei;Nei
Nivå;Kode;Beskrivelse;Registrerbar;Farlig
2;1405;"UTGÅTT: AVFALL FRA GJENVINNING AV LØSEMIDLER OG KJØLEVÆSKER (DESTILLASJONSBUNNFALL)";Nei;Nei
Nivå;Kode;Beskrivelse;Registrerbar;Farlig
3;140501;"Utgått: Klorfluorkarboner";Nei;Nei
Nivå;Kode;Beskrivelse;Registrerbar;Farlig
3;140502;"Utgått: Andre halogenerte løsemidler og løsemiddelblandinger";Nei;Nei
Nivå;Kode;Beskrivelse;Registrerbar;Farlig
3;140503;"Utgått: Andre løsemidler og løsemiddelblandinger";Nei;Nei
Nivå;Kode;Beskrivelse;Registrerbar;Farlig
3;140504;"Utgått: Slam som inneholder halogenerte løsemidler";Nei;Nei
Nivå;Kode;Beskrivelse;Registrerbar;Farlig
3;140505;"Utgått: Slam som inneholder andre løsemidler";Nei;Nei
Nivå;Kode;Beskrivelse;Registrerbar;Farlig
2;1406;"Avfall av organiske løsemidler, kjølemidler og drivmidler for skum eller aerosoler";Ja;Nei
Nivå;Kode;Beskrivelse;Registrerbar;Farlig
3;140601;"Klorfluorkarboner, HKFK, HFK";Ja;Ja
Nivå;Kode;Beskrivelse;Registrerbar;Farlig
3;140602;"Andre halogenerte løsemidler og løsemiddelblandinger";Ja;Ja
Nivå;Kode;Beskrivelse;Registrerbar;Farlig
3;140603;"Andre løsemidler og løsemiddelblandinger";Ja;Ja
Nivå;Kode;Beskrivelse;Registrerbar;Farlig
3;140604;"Slam eller fast avfall som inneholder halogenerte løsemidler";Ja;Ja
Nivå;Kode;Beskrivelse;Registrerbar;Farlig
3;140605;"Slam eller fast avfall som inneholder andre løsemidler";Ja;Ja
Nivå;Kode;Beskrivelse;Registrerbar;Farlig
1;15;"Emballasjeavfall, absorbenter, tørkekluter, filtreringsmaterialer og vernetøy som ikke er spesifisert andre steder";Ja;Nei
Nivå;Kode;Beskrivelse;Registrerbar;Farlig
2;1501;"Emballasje (herunder separat innsamlet kommunalt emballasjeavfall)";Ja;Nei
Nivå;Kode;Beskrivelse;Registrerbar;Farlig
3;150101;"Emballasje av papir og papp/kartong";Ja;Nei
Nivå;Kode;Beskrivelse;Registrerbar;Farlig
3;150102;"Emballasje av plast";Ja;Nei
Nivå;Kode;Beskrivelse;Registrerbar;Farlig
3;150103;"Emballasje av tre";Ja;Nei
Nivå;Kode;Beskrivelse;Registrerbar;Farlig
3;150104;"Emballasje av metall";Ja;Nei
Nivå;Kode;Beskrivelse;Registrerbar;Farlig
3;150105;"Emballasje av komposittmateriale";Ja;Nei
Nivå;Kode;Beskrivelse;Registrerbar;Farlig
3;150106;"Blandet emballasje";Ja;Nei
Nivå;Kode;Beskrivelse;Registrerbar;Farlig
3;150107;"Emballasje av glass";Ja;Nei
Nivå;Kode;Beskrivelse;Registrerbar;Farlig
3;150109;"Emballasje av tekstil";Ja;Nei
Nivå;Kode;Beskrivelse;Registrerbar;Farlig
3;150110;"Emballasje som inneholder rester av eller er forurenset av farlige stoffer";Ja;Ja
Nivå;Kode;Beskrivelse;Registrerbar;Farlig
3;150111;"Emballasje av metall som inneholder et farlig, fast porøst materiale (f.eks. asbest), herunder tomme trykkbeholdere";Ja;Ja
Nivå;Kode;Beskrivelse;Registrerbar;Farlig
2;1502;"Absorbenter, filtreringsmaterialer, tørkekluter og vernetøy";Ja;Nei
Nivå;Kode;Beskrivelse;Registrerbar;Farlig
3;150201;"Utgått: §4.2)Absorbenter, filtreringsmaterialer, pussegarn og verneklær";Nei;Nei
Nivå;Kode;Beskrivelse;Registrerbar;Farlig
3;150202;"Absorbenter, filtreringsmaterialer (herunder oljefiltre som ikke er spesifisert andre steder), tørkekluter og vernetøy som er forurenset av farlige stoffer";Ja;Ja
Nivå;Kode;Beskrivelse;Registrerbar;Farlig
3;150203;"Andre absorbenter, filtreringsmaterialer, tørkekluter og vernetøy enn dem nevnt i 15 02 02";Ja;Nei
Nivå;Kode;Beskrivelse;Registrerbar;Farlig
1;16;"Avfall som ikke er spesifisert andre steder i listen";Ja;Nei
Nivå;Kode;Beskrivelse;Registrerbar;Farlig
2;1601;"Kasserte kjøretøyer fra forskjellige typer transport (herunder terrenggående kjøretøyer) og avfall fra demontering av kasserte kjøretøyer og fra vedlikehold av kjøretøyer (unntatt 13, 14, 16 06 og 16 08)";Ja;Nei
Nivå;Kode;Beskrivelse;Registrerbar;Farlig
3;160101;"Utgått: §4.2)Katalysatorer med edelmetaller fjernet fra kjøretøyer";Nei;Nei
Nivå;Kode;Beskrivelse;Registrerbar;Farlig
3;160102;"Utgått: §4.2)Andre katalysatorer fjernet fra kjøretøyer";Nei;Nei
Nivå;Kode;Beskrivelse;Registrerbar;Farlig
3;160103;"Kasserte dekk";Ja;Nei
Nivå;Kode;Beskrivelse;Registrerbar;Farlig
3;160104;"Kasserte kjøretøyer";Ja;Ja
Nivå;Kode;Beskrivelse;Registrerbar;Farlig
3;160105;"Utgått: §4.2)Lette deler fra opphogging av kjøretøyer";Nei;Nei
Nivå;Kode;Beskrivelse;Registrerbar;Farlig
3;160106;"Kasserte kjøretøyer som inneholder verken væsker eller andre farlige komponenter";Ja;Nei
Nivå;Kode;Beskrivelse;Registrerbar;Farlig
3;160107;"Oljefiltre";Ja;Ja
Nivå;Kode;Beskrivelse;Registrerbar;Farlig
3;160108;"Kvikksølvholdige komponenter";Ja;Ja
Nivå;Kode;Beskrivelse;Registrerbar;Farlig
3;160109;"Komponenter som inneholder PCB";Ja;Ja
Nivå;Kode;Beskrivelse;Registrerbar;Farlig
3;160111;"Bremsebelegg som inneholder asbest";Ja;Ja
Nivå;Kode;Beskrivelse;Registrerbar;Farlig
3;160112;"Andre typer bremsebelegg enn dem nevnt i 16 01 11";Ja;Nei
Nivå;Kode;Beskrivelse;Registrerbar;Farlig
3;160113;"Bremsevæske";Ja;Ja
Nivå;Kode;Beskrivelse;Registrerbar;Farlig
3;160114;"Frostvæske som inneholder farlige stoffer";Ja;Ja
Nivå;Kode;Beskrivelse;Registrerbar;Farlig
3;160115;"Annen frostvæske enn den nevnt i 16 01 14";Ja;Nei
Nivå;Kode;Beskrivelse;Registrerbar;Farlig
3;160116;"Tanker til flytende gass";Ja;Nei
Nivå;Kode;Beskrivelse;Registrerbar;Farlig
3;160117;"Ferrometall";Ja;Nei
Nivå;Kode;Beskrivelse;Registrerbar;Farlig
3;160118;"Ikke-jernholdig metall";Ja;Nei
Nivå;Kode;Beskrivelse;Registrerbar;Farlig
3;160119;"Plast";Ja;Nei
Nivå;Kode;Beskrivelse;Registrerbar;Farlig
3;160120;"Glass";Ja;Nei
Nivå;Kode;Beskrivelse;Registrerbar;Farlig
3;160121;"Andre farlige komponenter enn dem nevnt i 16 01 07 - 16 01 11 og i 16 01 13 og 16 01 14";Ja;Ja
Nivå;Kode;Beskrivelse;Registrerbar;Farlig
3;160122;"Komponenter som ikke er spesifisert andre steder";Ja;Nei
Nivå;Kode;Beskrivelse;Registrerbar;Farlig
3;160199;"Avfall som ikke er spesifisert andre steder ";Ja;Nei
Nivå;Kode;Beskrivelse;Registrerbar;Farlig
2;1602;"Avfall fra elektrisk og elektronisk utstyr";Ja;Nei
Nivå;Kode;Beskrivelse;Registrerbar;Farlig
3;160201;"Utgått: Transformatorer og kondensatorer som inneholder PCB eller PCT";Nei;Nei
Nivå;Kode;Beskrivelse;Registrerbar;Farlig
3;160202;"Utgått: §4.2)Annet kassert elektronisk utstyr (f. eks. trykte kretskort)";Nei;Nei
Nivå;Kode;Beskrivelse;Registrerbar;Farlig
3;160203;"Utgått: §4.2)Kassert utstyr som inneholder klorfluorkarboner";Nei;Nei
Nivå;Kode;Beskrivelse;Registrerbar;Farlig
3;160204;"Utgått: Kassert utstyr som inneholder fri asbest";Nei;Nei
Nivå;Kode;Beskrivelse;Registrerbar;Farlig
3;160205;"Utgått: §4.2)Annet kassert utstyr";Nei;Nei
Nivå;Kode;Beskrivelse;Registrerbar;Farlig
3;160206;"Utgått: §4.2)Avfall fra asbestbehandlingsindustri";Nei;Nei
Nivå;Kode;Beskrivelse;Registrerbar;Farlig
3;160207;"Utgått: §4.2)Avfall fra plastbehandlingsindustri";Nei;Nei
Nivå;Kode;Beskrivelse;Registrerbar;Farlig
3;160208;"Utgått: §4.2)Knusingsavfall";Nei;Nei
Nivå;Kode;Beskrivelse;Registrerbar;Farlig
3;160209;"Transformatorer og kondensatorer som inneholder PCB";Ja;Ja
Nivå;Kode;Beskrivelse;Registrerbar;Farlig
3;160210;"Annet kassert utstyr som inneholder eller er forurenset av PCB enn det nevnt i 16 02 092";Ja;Ja
Nivå;Kode;Beskrivelse;Registrerbar;Farlig
3;160211;"Kassert utstyr som inneholder klorfluorkarboner, HKFK, HFK";Ja;Ja
Nivå;Kode;Beskrivelse;Registrerbar;Farlig
3;160212;"Kassert utstyr som inneholder fri asbest";Ja;Ja
Nivå;Kode;Beskrivelse;Registrerbar;Farlig
3;160213;"Annet kassert utstyr som inneholder farlige komponenter enn det nevnt i 16 02 09 - 16 02 12";Ja;Ja
Nivå;Kode;Beskrivelse;Registrerbar;Farlig
3;160214;"Annet kassert utstyr enn det nevnt i 16 02 09 - 16 02 13";Ja;Nei
Nivå;Kode;Beskrivelse;Registrerbar;Farlig
3;160215;"Farlige komponenter som er fjernet fra kassert utstyr";Ja;Ja
Nivå;Kode;Beskrivelse;Registrerbar;Farlig
3;160216;"Andre komponenter fjernet fra kassert utstyr enn dem nevnt i 16 02 15";Ja;Nei
Nivå;Kode;Beskrivelse;Registrerbar;Farlig
2;1603;"Frasorterte produksjonsserier og ubrukte produkter";Ja;Nei
Nivå;Kode;Beskrivelse;Registrerbar;Farlig
3;160301;"Utgått: §4.2)Uorganiske frasorterte produksjonsserier";Nei;Nei
Nivå;Kode;Beskrivelse;Registrerbar;Farlig
3;160302;"Utgått: §4.2)Organiske frasorterte produksjonsserier";Nei;Nei
Nivå;Kode;Beskrivelse;Registrerbar;Farlig
3;160303;"Uorganisk avfall som inneholder farlige stoffer";Ja;Ja
Nivå;Kode;Beskrivelse;Registrerbar;Farlig
3;160304;"Annet uorganisk avfall enn det nevnt i 16 03 03";Ja;Nei
Nivå;Kode;Beskrivelse;Registrerbar;Farlig
3;160305;"Organisk avfall som inneholder farlige stoffer";Ja;Ja
Nivå;Kode;Beskrivelse;Registrerbar;Farlig
3;160306;"Annet organisk avfall enn det nevnt i 16 03 05";Ja;Nei
Nivå;Kode;Beskrivelse;Registrerbar;Farlig
3;160307;"Metallisk kvikksølv";Ja;Ja
Nivå;Kode;Beskrivelse;Registrerbar;Farlig
2;1604;"Kasserte eksplosiver";Ja;Nei
Nivå;Kode;Beskrivelse;Registrerbar;Farlig
3;160401;"Kasserte ammunisjon";Ja;Nei
Nivå;Kode;Beskrivelse;Registrerbar;Farlig
3;160402;"Fyrverkeri-avfall";Ja;Nei
Nivå;Kode;Beskrivelse;Registrerbar;Farlig
3;160403;"Andre kasserte eksplosiver";Ja;Nei
Nivå;Kode;Beskrivelse;Registrerbar;Farlig
2;1605;"Gass i trykkbeholdere og kasserte kjemikalier";Ja;Nei
Nivå;Kode;Beskrivelse;Registrerbar;Farlig
3;160501;"Utgått: Industrigasser i høytrykksbeholdere, lavtrykksgassflasker og beholdere for industrielle aerosoler (herunder halogener)";Nei;Nei
Nivå;Kode;Beskrivelse;Registrerbar;Farlig
3;160502;"Utgått: §4.2)Annet avfall som inneholder uorganiske kjemiske produkter, f. eks. laboratoriekjemikalier ikke spesifisert andre steder, pulver til brannslokkingsapparater";Nei;Nei
Nivå;Kode;Beskrivelse;Registrerbar;Farlig
3;160503;"Utgått: §4.2)Annet avfall som inneholder organiske kjemiske produkter, f. eks. laboratoriekjemikalier ikke spesifisert andre steder";Nei;Nei
Nivå;Kode;Beskrivelse;Registrerbar;Farlig
3;160504;"Gass i trykkbeholdere (herunder haloner) som inneholder farlige stoffer";Ja;Ja
Nivå;Kode;Beskrivelse;Registrerbar;Farlig
3;160505;"Annen gass i trykkbeholdere enn den nevnt i 16 05 04";Ja;Nei
Nivå;Kode;Beskrivelse;Registrerbar;Farlig
3;160506;"Laboratoriekjemikalier som består av eller inneholder farlige stoffer, herunder blandinger av laboratoriekjemikalier";Ja;Ja
Nivå;Kode;Beskrivelse;Registrerbar;Farlig
3;160507;"Kasserte uorganiske kjemikalier som består av eller inneholder farlige stoffer";Ja;Ja
Nivå;Kode;Beskrivelse;Registrerbar;Farlig
3;160508;"Kasserte organiske kjemikalier som består av eller inneholder farlige stoffer";Ja;Ja
Nivå;Kode;Beskrivelse;Registrerbar;Farlig
3;160509;"Andre kasserte kjemikalier enn dem nevnt i 16 05 06, 16 05 07 eller 16 05 08";Ja;Nei
Nivå;Kode;Beskrivelse;Registrerbar;Farlig
2;1606;"Batterier og akkumulatorer";Ja;Nei
Nivå;Kode;Beskrivelse;Registrerbar;Farlig
3;160601;"Blybatterier";Ja;Ja
Nivå;Kode;Beskrivelse;Registrerbar;Farlig
3;160602;"Ni-Cd-batterier";Ja;Ja
Nivå;Kode;Beskrivelse;Registrerbar;Farlig
3;160603;"Batterier som inneholder kvikksølv";Ja;Ja
Nivå;Kode;Beskrivelse;Registrerbar;Farlig
3;160604;"Alkaliske batterier (unntatt 16 06 03)";Ja;Nei
Nivå;Kode;Beskrivelse;Registrerbar;Farlig
3;160605;"Andre batterier og akkumulatorer";Ja;Nei
Nivå;Kode;Beskrivelse;Registrerbar;Farlig
3;160606;"Separat innsamlet elektrolytt fra batterier og akkumulatorer";Ja;Ja
Nivå;Kode;Beskrivelse;Registrerbar;Farlig
2;1607;"Avfall fra rengjøring av transport- og lagringstanker og tønner (unntatt kategori 05 og 13)";Ja;Nei
Nivå;Kode;Beskrivelse;Registrerbar;Farlig
3;160701;"Utgått: Avfall fra rengjøring av sjøtransporttanker som inneholder kjemikalier";Nei;Nei
Nivå;Kode;Beskrivelse;Registrerbar;Farlig
3;160702;"Utgått: Avfall fra rengjøring av sjøtransporttanker som inneholder olje";Nei;Nei
Nivå;Kode;Beskrivelse;Registrerbar;Farlig
3;160703;"Utgått: Avfall fra rengjøring av transporttanker for vei og jernbane som inneholder olje";Nei;Nei
Nivå;Kode;Beskrivelse;Registrerbar;Farlig
3;160704;"Utgått: Avfall fra rengjøring av transporttanker for vei og jernbane som inneholder kjemikalier";Nei;Nei
Nivå;Kode;Beskrivelse;Registrerbar;Farlig
3;160705;"Utgått: Avfall fra rengjøring av lagringstanker som inneholder kjemikalier";Nei;Nei
Nivå;Kode;Beskrivelse;Registrerbar;Farlig
3;160706;"Utgått: Avfall fra rengjøring av lagringstanker som inneholder olje";Nei;Nei
Nivå;Kode;Beskrivelse;Registrerbar;Farlig
3;160707;"Utgått: §4.2)Fast avfall fra skipslaster";Nei;Nei
Nivå;Kode;Beskrivelse;Registrerbar;Farlig
3;160708;"Oljeholdig avfall";Ja;Ja
Nivå;Kode;Beskrivelse;Registrerbar;Farlig
3;160709;"Avfall som inneholder andre farlige stoffer";Ja;Ja
Nivå;Kode;Beskrivelse;Registrerbar;Farlig
3;160799;"Avfall som ikke er spesifisert andre steder ";Ja;Nei
Nivå;Kode;Beskrivelse;Registrerbar;Farlig
2;1608;"Brukte katalysatorer";Ja;Nei
Nivå;Kode;Beskrivelse;Registrerbar;Farlig
3;160801;"Brukte katalysatorer som inneholder gull, sølv, rhenium, rodium, palladium, iridium eller platina (unntatt 16 08 07)";Ja;Nei
Nivå;Kode;Beskrivelse;Registrerbar;Farlig
3;160802;"Brukte katalysatorer som inneholder farlige overgangsmetaller eller overgangsmetallforbindelser";Ja;Ja
Nivå;Kode;Beskrivelse;Registrerbar;Farlig
3;160803;"Brukte katalysatorer som inneholder overgangsmetaller eller overgangsmetallforbindelser som ikke er spesifisert andre steder";Ja;Nei
Nivå;Kode;Beskrivelse;Registrerbar;Farlig
3;160804;"Brukte katalysatorer for pulverkatalytisk krakking (unntatt 16 08 07)";Ja;Nei
Nivå;Kode;Beskrivelse;Registrerbar;Farlig
3;160805;"Brukte katalysatorer som inneholder fosforsyre";Ja;Ja
Nivå;Kode;Beskrivelse;Registrerbar;Farlig
3;160806;"Væsker som har vært brukt som katalysator";Ja;Ja
Nivå;Kode;Beskrivelse;Registrerbar;Farlig
3;160807;"Brukte katalysatorer som er forurenset av farlige stoffer";Ja;Ja
Nivå;Kode;Beskrivelse;Registrerbar;Farlig
2;1609;"Oksiderende stoffer";Ja;Nei
Nivå;Kode;Beskrivelse;Registrerbar;Farlig
3;160901;"Permangater, f.eks. kaliumpermanganat";Ja;Ja
Nivå;Kode;Beskrivelse;Registrerbar;Farlig
3;160902;"Kromater, f.eks. kaliumkromat, kalium- eller natriumdikromat";Ja;Ja
Nivå;Kode;Beskrivelse;Registrerbar;Farlig
3;160903;"Peroksider, f.eks. hydrogenperoksid";Ja;Ja
Nivå;Kode;Beskrivelse;Registrerbar;Farlig
3;160904;"Oksiderende stoffer som ikke er spesifisert andre steder";Ja;Ja
Nivå;Kode;Beskrivelse;Registrerbar;Farlig
2;1610;"Vandig flytende avfall som skal behandles eksternt";Ja;Nei
Nivå;Kode;Beskrivelse;Registrerbar;Farlig
3;161001;"Vandig flytende avfall som inneholder farlige stoffer";Ja;Ja
Nivå;Kode;Beskrivelse;Registrerbar;Farlig
3;161002;"Annet vandig flytende avfall enn det nevnt i 16 10 01";Ja;Nei
Nivå;Kode;Beskrivelse;Registrerbar;Farlig
3;161003;"Vandige konsentrater som inneholder farlige stoffer";Ja;Ja
Nivå;Kode;Beskrivelse;Registrerbar;Farlig
3;161004;"Andre vandige konsentrater enn dem nevnt i 16 10 03";Ja;Nei
Nivå;Kode;Beskrivelse;Registrerbar;Farlig
2;1611;"Brukte fôringer og ildfaste materialer";Ja;Nei
Nivå;Kode;Beskrivelse;Registrerbar;Farlig
3;161101;"Karbonbaserte fôringer og ildfaste materialer fra metallurgiske prosesser som inneholder farlige stoffer";Ja;Ja
Nivå;Kode;Beskrivelse;Registrerbar;Farlig
3;161102;"Andre karbonbaserte fôringer og ildfaste materialer fra metallurgiske prosesser enn dem nevnt i 16 11 01";Ja;Nei
Nivå;Kode;Beskrivelse;Registrerbar;Farlig
3;161103;"Andre fôringer og ildfaste materialer fra metallurgiske prosesser som inneholder farlige stoffer";Ja;Ja
Nivå;Kode;Beskrivelse;Registrerbar;Farlig
3;161104;"Andre fôringer og ildfaste materialer fra metallurgiske prosesser enn dem nevnt i 16 11 03";Ja;Nei
Nivå;Kode;Beskrivelse;Registrerbar;Farlig
3;161105;"Fôringer og ildfaste materialer fra ikke-metallurgiske prosesser som inneholder farlige stoffer";Ja;Ja
Nivå;Kode;Beskrivelse;Registrerbar;Farlig
3;161106;"Andre fôringer og ildfaste materialer fra ikke-metallurgiske prosesser enn dem nevnt i 16 11 05";Ja;Nei
Nivå;Kode;Beskrivelse;Registrerbar;Farlig
2;1650;"Ilandført avfall fra oljeboring/-produksjon";Ja;Nei
Nivå;Kode;Beskrivelse;Registrerbar;Farlig
3;165071;"Oljebasert borevæske (enhver borevæske som inneholder olje eller oljeemulsjon av mineralopprinnelse)";Ja;Ja
Nivå;Kode;Beskrivelse;Registrerbar;Farlig
3;165072;"Oljekontaminert borekaks (utboret bergmasse fra boring med oljebasert borevæske, > 1% olje på kaks)";Ja;Ja
Nivå;Kode;Beskrivelse;Registrerbar;Farlig
3;165073;"Kjemikalieblandinger u/halogen og tungmetaller";Ja;Ja
Nivå;Kode;Beskrivelse;Registrerbar;Farlig
3;165074;"Kjemikalieblandinger med halogen";Ja;Ja
Nivå;Kode;Beskrivelse;Registrerbar;Farlig
3;165075;"Kjemikalieblandinger med tungmetaller";Ja;Ja
Nivå;Kode;Beskrivelse;Registrerbar;Farlig
3;165076;"Rene kjemikalier/kjemikalierester u/halogen og tungmetaller";Ja;Ja
Nivå;Kode;Beskrivelse;Registrerbar;Farlig
3;165077;"Rene kjemikalier med halogen og kjemikalierester med halogen (Cl, F, Br)";Ja;Ja
Nivå;Kode;Beskrivelse;Registrerbar;Farlig
3;165078;"Rene kjemikalier med tungmetaller og kjemikalierester med tungmetaller";Ja;Ja
Nivå;Kode;Beskrivelse;Registrerbar;Farlig
2;1660;"UTGÅTT: ANNET AVFALL FRA TRANSPORT OG ANLEGG";Nei;Nei
Nivå;Kode;Beskrivelse;Registrerbar;Farlig
3;166071;"Utgått: Forurensede drivstoffer og fyringsoljer";Nei;Nei
Nivå;Kode;Beskrivelse;Registrerbar;Farlig
3;166072;"Utgått: Frost- og kjølevæske";Nei;Nei
Nivå;Kode;Beskrivelse;Registrerbar;Farlig
3;166073;"Utgått: Brukte oljefiltre";Nei;Nei
Nivå;Kode;Beskrivelse;Registrerbar;Farlig
1;17;"Avfall fra bygge- og rivingsarbeid (herunder overskuddsmasse fra forurensede byggeplasser)";Ja;Nei
Nivå;Kode;Beskrivelse;Registrerbar;Farlig
2;1701;"Betong, murstein, takstein, keramikk";Ja;Nei
Nivå;Kode;Beskrivelse;Registrerbar;Farlig
3;170101;"Betong";Ja;Nei
Nivå;Kode;Beskrivelse;Registrerbar;Farlig
3;170102;"Murstein";Ja;Nei
Nivå;Kode;Beskrivelse;Registrerbar;Farlig
3;170103;"Takstein og keramikk";Ja;Nei
Nivå;Kode;Beskrivelse;Registrerbar;Farlig
3;170104;"Utgått: §4.2)Gipsbaserte byggematerialer";Nei;Nei
Nivå;Kode;Beskrivelse;Registrerbar;Farlig
3;170105;"Utgått: §4.2)Asbestbaserte byggematerialer";Nei;Nei
Nivå;Kode;Beskrivelse;Registrerbar;Farlig
3;170106;"Blandinger eller frasorterte fraksjoner av betong, murstein, takstein og keramikk som inneholder farlige stoffer";Ja;Ja
Nivå;Kode;Beskrivelse;Registrerbar;Farlig
3;170107;"Andre blandinger av betong, murstein, takstein og keramikk enn dem nevnt i 17 01 06";Ja;Nei
Nivå;Kode;Beskrivelse;Registrerbar;Farlig
2;1702;"Tre, glass og plast";Ja;Nei
Nivå;Kode;Beskrivelse;Registrerbar;Farlig
3;170201;"Tre";Ja;Nei
Nivå;Kode;Beskrivelse;Registrerbar;Farlig
3;170202;"Glass";Ja;Nei
Nivå;Kode;Beskrivelse;Registrerbar;Farlig
3;170203;"Plast";Ja;Nei
Nivå;Kode;Beskrivelse;Registrerbar;Farlig
3;170204;"Tre, glass og plast som inneholder eller er forurenset av farlige stoffer";Ja;Ja
Nivå;Kode;Beskrivelse;Registrerbar;Farlig
2;1703;"Bitumenblandinger, kulltjære og tjæreprodukter";Ja;Nei
Nivå;Kode;Beskrivelse;Registrerbar;Farlig
3;170301;"Bitumenblandinger som inneholder kulltjære";Ja;Ja
Nivå;Kode;Beskrivelse;Registrerbar;Farlig
3;170302;"Andre bitumenblandinger enn dem nevnt i 17 03 01";Ja;Nei
Nivå;Kode;Beskrivelse;Registrerbar;Farlig
3;170303;"Kulltjære og tjæreprodukter";Ja;Ja
Nivå;Kode;Beskrivelse;Registrerbar;Farlig
2;1704;"Metaller (herunder legeringer)";Ja;Nei
Nivå;Kode;Beskrivelse;Registrerbar;Farlig
3;170401;"Kopper, bronse, messing";Ja;Nei
Nivå;Kode;Beskrivelse;Registrerbar;Farlig
3;170402;"Aluminium";Ja;Nei
Nivå;Kode;Beskrivelse;Registrerbar;Farlig
3;170403;"Bly";Ja;Nei
Nivå;Kode;Beskrivelse;Registrerbar;Farlig
3;170404;"Sink";Ja;Nei
Nivå;Kode;Beskrivelse;Registrerbar;Farlig
3;170405;"Jern og stål";Ja;Nei
Nivå;Kode;Beskrivelse;Registrerbar;Farlig
3;170406;"Tinn";Ja;Nei
Nivå;Kode;Beskrivelse;Registrerbar;Farlig
3;170407;"Metaller i blanding";Ja;Nei
Nivå;Kode;Beskrivelse;Registrerbar;Farlig
3;170408;"Utgått: §4.2)Kabler";Nei;Nei
Nivå;Kode;Beskrivelse;Registrerbar;Farlig
3;170409;"Metallavfall som er forurenset av farlige stoffer";Ja;Ja
Nivå;Kode;Beskrivelse;Registrerbar;Farlig
3;170410;"Kabler som inneholder olje, kulltjære eller andre farlige stoffer";Ja;Ja
Nivå;Kode;Beskrivelse;Registrerbar;Farlig
3;170411;"Andre kabler enn dem nevnt i 17 04 10";Ja;Nei
Nivå;Kode;Beskrivelse;Registrerbar;Farlig
2;1705;"Jord (herunder overskuddsmasse fra forurensede byggeplasser), stein og mudringsslam";Ja;Nei
Nivå;Kode;Beskrivelse;Registrerbar;Farlig
3;170501;"Utgått: §4.2)Jord og stein";Nei;Nei
Nivå;Kode;Beskrivelse;Registrerbar;Farlig
3;170502;"Utgått: §4.2)Mudringsslam";Nei;Nei
Nivå;Kode;Beskrivelse;Registrerbar;Farlig
3;170503;"Jord og stein som inneholder farlige stoffer";Ja;Ja
Nivå;Kode;Beskrivelse;Registrerbar;Farlig
3;170504;"Annen jord og stein enn den nevnt i 17 05 03";Ja;Nei
Nivå;Kode;Beskrivelse;Registrerbar;Farlig
3;170505;"Mudringsslam som inneholder farlige stoffer";Ja;Ja
Nivå;Kode;Beskrivelse;Registrerbar;Farlig
3;170506;"Annet mudringsslam enn det nevnt i 17 05 05";Ja;Nei
Nivå;Kode;Beskrivelse;Registrerbar;Farlig
3;170507;"Jernbaneballast som inneholder farlige stoffer";Ja;Ja
Nivå;Kode;Beskrivelse;Registrerbar;Farlig
3;170508;"Annen jernbaneballast enn den nevnt i 17 05 07";Ja;Nei
Nivå;Kode;Beskrivelse;Registrerbar;Farlig
2;1706;"Isolasjonsmaterialer og asbestholdige byggematerialer";Ja;Nei
Nivå;Kode;Beskrivelse;Registrerbar;Farlig
3;170601;"Asbestholdige isolasjonsmaterialer";Ja;Ja
Nivå;Kode;Beskrivelse;Registrerbar;Farlig
3;170602;"Utgått: §4.2)Andre isolasjonsmaterialer";Nei;Nei
Nivå;Kode;Beskrivelse;Registrerbar;Farlig
3;170603;"Andre isolasjonsmaterialer som består av eller inneholder farlige stoffer";Ja;Ja
Nivå;Kode;Beskrivelse;Registrerbar;Farlig
3;170604;"Andre isolasjonsmaterialer enn dem nevnt i 17 06 01 og 17 06 03";Ja;Nei
Nivå;Kode;Beskrivelse;Registrerbar;Farlig
3;170605;"Asbestholdige byggematerialer";Ja;Ja
Nivå;Kode;Beskrivelse;Registrerbar;Farlig
2;1707;"UTGÅTT: BLANDET BYGGE- OG RIVINGSAVFALL";Nei;Nei
Nivå;Kode;Beskrivelse;Registrerbar;Farlig
3;170701;"Utgått: §4.2)Blandet bygge- og rivingsavfall";Nei;Nei
Nivå;Kode;Beskrivelse;Registrerbar;Farlig
2;1708;"Gipsbaserte byggematerialer";Ja;Nei
Nivå;Kode;Beskrivelse;Registrerbar;Farlig
3;170801;"Gipsbaserte byggematerialer som er forurenset av farlige stoffer";Ja;Ja
Nivå;Kode;Beskrivelse;Registrerbar;Farlig
3;170802;"Andre gipsbaserte byggematerialer enn dem nevnt i 17 08 01";Ja;Nei
Nivå;Kode;Beskrivelse;Registrerbar;Farlig
2;1709;"Annet avfall fra bygge- og rivingsarbeid";Ja;Nei
Nivå;Kode;Beskrivelse;Registrerbar;Farlig
3;170901;"Kvikksølvholdig avfall fra bygge- og rivingsarbeid";Ja;Ja
Nivå;Kode;Beskrivelse;Registrerbar;Farlig
3;170902;"Avfall fra bygge- og rivingsarbeid som inneholder PCB (f.eks. tetningsmasse, harpiksbaserte gulvbelegg, isolerglass, kondensatorer som inneholder PCB)";Ja;Ja
Nivå;Kode;Beskrivelse;Registrerbar;Farlig
3;170903;"Annet avfall fra bygge- og rivingsarbeid (herunder blandet avfall) som inneholder farlige stoffer";Ja;Ja
Nivå;Kode;Beskrivelse;Registrerbar;Farlig
3;170904;"Annet blandet avfall fra bygge- og rivingsarbeid enn det nevnt i 17 09 01, 17 09 02 og 17 09 03";Ja;Nei
Nivå;Kode;Beskrivelse;Registrerbar;Farlig
1;18;"Avfall fra medisinsk behandling eller veterinærbehandling og/eller tilhørende forskning (unntatt kjøkken- og restaurantavfall som ikke har direkte tilknytning til medisinsk behandling)";Ja;Nei
Nivå;Kode;Beskrivelse;Registrerbar;Farlig
2;1801;"Avfall fra fødeavdelinger og fra diagnose, behandling eller forebygging av sykdom hos mennesker";Ja;Nei
Nivå;Kode;Beskrivelse;Registrerbar;Farlig
3;180101;"Skarpe og spisse gjenstander (unntatt 18 01 03)";Ja;Nei
Nivå;Kode;Beskrivelse;Registrerbar;Farlig
3;180102;"Kroppsdeler og organer, herunder blodposer og blodprodukter (unntatt 18 01 03)";Ja;Nei
Nivå;Kode;Beskrivelse;Registrerbar;Farlig
3;180103;"Avfall der innsamling og sluttbehandling er underlagt særlige krav av hensyn til forebygging av infeksjoner.";Ja;Ja
Nivå;Kode;Beskrivelse;Registrerbar;Farlig
3;180104;"Avfall der håndtering ikke er underlagt særlige krav av hensyn til forebygging av infeksjoner (f.eks. forbindinger, gipsbandasjer, sengetøy, klær til engangsbruk, bleier)";Ja;Nei
Nivå;Kode;Beskrivelse;Registrerbar;Farlig
3;180106;"Kjemikalier som består av eller inneholder farlige stoffer";Ja;Ja
Nivå;Kode;Beskrivelse;Registrerbar;Farlig
3;180107;"Andre kjemikalier enn dem nevnt i 18 01 06";Ja;Nei
Nivå;Kode;Beskrivelse;Registrerbar;Farlig
3;180108;"Cytotoksiske og cytostatiske legemidler";Ja;Ja
Nivå;Kode;Beskrivelse;Registrerbar;Farlig
3;180109;"Andre legemidler enn dem nevnt i 18 01 08";Ja;Nei
Nivå;Kode;Beskrivelse;Registrerbar;Farlig
3;180110;"Amalgamavfall fra tannbehandling";Ja;Ja
Nivå;Kode;Beskrivelse;Registrerbar;Farlig
2;1802;"Avfall fra forskning, diagnose, behandling eller forebygging av sykdom hos dyr";Ja;Nei
Nivå;Kode;Beskrivelse;Registrerbar;Farlig
3;180201;"Skarpe og spisse gjenstander (unntatt 18 02 02)";Ja;Nei
Nivå;Kode;Beskrivelse;Registrerbar;Farlig
3;180202;"Avfall der innsamling og sluttbehandling er underlagt særlige krav av hensyn til forebygging av infeksjoner";Ja;Nei
Nivå;Kode;Beskrivelse;Registrerbar;Farlig
3;180203;"Avfall der håndtering ikke underlagt særlige krav av hensyn til forebygging av infeksjoner";Ja;Nei
Nivå;Kode;Beskrivelse;Registrerbar;Farlig
3;180204;"Utgått: §4.2)Kasserte kjemikalier";Nei;Nei
Nivå;Kode;Beskrivelse;Registrerbar;Farlig
3;180205;"Kjemikalier som består av eller inneholder farlige stoffer";Ja;Ja
Nivå;Kode;Beskrivelse;Registrerbar;Farlig
3;180206;"Andre kjemikalier enn dem nevnt i 18 02 05";Ja;Nei
Nivå;Kode;Beskrivelse;Registrerbar;Farlig
3;180207;"Cytotoksiske og cytostatiske legemidler";Ja;Nei
Nivå;Kode;Beskrivelse;Registrerbar;Farlig
3;180208;"Andre legemidler enn dem nevnt i 18 02 07";Ja;Nei
Nivå;Kode;Beskrivelse;Registrerbar;Farlig
1;19;"Avfall fra avfallsbehandlingsanlegg og eksterne avløpsrenseanlegg og fra fremstilling av drikkevann og vann til industriell bruk";Ja;Nei
Nivå;Kode;Beskrivelse;Registrerbar;Farlig
2;1901;"Avfall fra forbrenning eller pyrolyse av avfall";Ja;Nei
Nivå;Kode;Beskrivelse;Registrerbar;Farlig
3;190101;"Utgått: §4.2)Slagg";Nei;Nei
Nivå;Kode;Beskrivelse;Registrerbar;Farlig
3;190102;"Jernholdige materialer utskilt fra bunnaske";Ja;Nei
Nivå;Kode;Beskrivelse;Registrerbar;Farlig
3;190103;"Utgått: Flygeaske";Nei;Nei
Nivå;Kode;Beskrivelse;Registrerbar;Farlig
3;190104;"Utgått: Kjelstøv";Nei;Nei
Nivå;Kode;Beskrivelse;Registrerbar;Farlig
3;190105;"Filterkaker fra behandling av avgasser";Ja;Ja
Nivå;Kode;Beskrivelse;Registrerbar;Farlig
3;190106;"Vandig flytende avfall fra behandling av avgasser og annet vandig flytende avfall";Ja;Ja
Nivå;Kode;Beskrivelse;Registrerbar;Farlig
3;190107;"Fast avfall fra behandling av avgasser";Ja;Ja
Nivå;Kode;Beskrivelse;Registrerbar;Farlig
3;190108;"Utgått: §4.2)Pyrolyseavfall";Nei;Nei
Nivå;Kode;Beskrivelse;Registrerbar;Farlig
3;190109;"Utgått: Brukte katalysatorer f.eks. fra fjerning av NOx (som inneholder tungmetaller)";Nei;Nei
Nivå;Kode;Beskrivelse;Registrerbar;Farlig
3;190110;"Brukt aktivt kull fra behandling av røykgass";Ja;Ja
Nivå;Kode;Beskrivelse;Registrerbar;Farlig
3;190111;"Bunnaske og slagg som inneholder farlige stoffer";Ja;Ja
Nivå;Kode;Beskrivelse;Registrerbar;Farlig
3;190112;"Annen bunnaske og slagg enn dem nevnt i 19 01 11";Ja;Nei
Nivå;Kode;Beskrivelse;Registrerbar;Farlig
3;190113;"Flygeaske som inneholder farlige stoffer";Ja;Ja
Nivå;Kode;Beskrivelse;Registrerbar;Farlig
3;190114;"Annen flygeaske enn den nevnt i 19 01 13";Ja;Nei
Nivå;Kode;Beskrivelse;Registrerbar;Farlig
3;190115;"Kjelstøv som inneholder farlige stoffer";Ja;Ja
Nivå;Kode;Beskrivelse;Registrerbar;Farlig
3;190116;"Annet kjelstøv enn det nevnt i 19 01 15";Ja;Nei
Nivå;Kode;Beskrivelse;Registrerbar;Farlig
3;190117;"Pyrolyseavfall som inneholder farlige stoffer";Ja;Ja
Nivå;Kode;Beskrivelse;Registrerbar;Farlig
3;190118;"Annet pyrolyseavfall enn det nevnt i 19 01 17";Ja;Nei
Nivå;Kode;Beskrivelse;Registrerbar;Farlig
3;190119;"Sand fra virvelsjiktovner";Ja;Nei
Nivå;Kode;Beskrivelse;Registrerbar;Farlig
3;190199;"Avfall som ikke er spesifisert andre steder ";Ja;Nei
Nivå;Kode;Beskrivelse;Registrerbar;Farlig
2;1902;"Avfall fra fysisk-kjemisk behandling av avfall (herunder fjerning av krom, fjerning av cyanid, nøytralisering)";Ja;Nei
Nivå;Kode;Beskrivelse;Registrerbar;Farlig
3;190201;"Utgått: Metallhydroksidslam og annet slam fra metallutfellingsprosesser";Nei;Nei
Nivå;Kode;Beskrivelse;Registrerbar;Farlig
3;190202;"Utgått: §4.2)Ferdigblandet avfall for endelig disponering";Nei;Nei
Nivå;Kode;Beskrivelse;Registrerbar;Farlig
3;190203;"Ferdigblandet avfall som består av bare ikke-farlig avfall";Ja;Nei
Nivå;Kode;Beskrivelse;Registrerbar;Farlig
3;190204;"Ferdigblandet avfall der minst én type avfall er farlig";Ja;Ja
Nivå;Kode;Beskrivelse;Registrerbar;Farlig
3;190205;"Slam fra fysisk-kjemisk behandling som inneholder farlig avfall";Ja;Ja
Nivå;Kode;Beskrivelse;Registrerbar;Farlig
3;190206;"Annet slam fra fysisk-kjemisk behandling enn det nevnt i 19 02 05";Ja;Nei
Nivå;Kode;Beskrivelse;Registrerbar;Farlig
3;190207;"Olje og konsentrater fra separering";Ja;Ja
Nivå;Kode;Beskrivelse;Registrerbar;Farlig
3;190208;"Brennbart flytende avfall som inneholder farlige stoffer";Ja;Ja
Nivå;Kode;Beskrivelse;Registrerbar;Farlig
3;190209;"Fast brennbart avfall som inneholder farlige stoffer";Ja;Ja
Nivå;Kode;Beskrivelse;Registrerbar;Farlig
3;190210;"Annet brennbart avfall enn det nevnt i 19 02 08 og 19 02 09";Ja;Nei
Nivå;Kode;Beskrivelse;Registrerbar;Farlig
3;190211;"Annet avfall som inneholder farlige stoffer";Ja;Ja
Nivå;Kode;Beskrivelse;Registrerbar;Farlig
3;190299;"Avfall som ikke er spesifisert andre steder";Ja;Nei
Nivå;Kode;Beskrivelse;Registrerbar;Farlig
2;1903;"Stabilisert/herdet avfall";Ja;Nei
Nivå;Kode;Beskrivelse;Registrerbar;Farlig
3;190301;"Utgått: §4.2)Avfall stabilisert/herdet med vannbaserte bindemidler";Nei;Nei
Nivå;Kode;Beskrivelse;Registrerbar;Farlig
3;190302;"Utgått: §4.2)Avfall stabilisert/herdet med organiske bindemidler";Nei;Nei
Nivå;Kode;Beskrivelse;Registrerbar;Farlig
3;190303;"Utgått: §4.2)Avfall stabilisert ved biologisk behandling";Nei;Nei
Nivå;Kode;Beskrivelse;Registrerbar;Farlig
3;190304;"Avfall oppført som farlig, delvis stabilisert";Ja;Ja
Nivå;Kode;Beskrivelse;Registrerbar;Farlig
3;190305;"Annet stabilisert avfall enn det nevnt i 19 03 04";Ja;Nei
Nivå;Kode;Beskrivelse;Registrerbar;Farlig
3;190306;"Avfall oppført som farlig, herdet";Ja;Ja
Nivå;Kode;Beskrivelse;Registrerbar;Farlig
3;190307;"Annet herdet avfall enn det nevnt i 19 03 06";Ja;Nei
Nivå;Kode;Beskrivelse;Registrerbar;Farlig
3;190308;"Delvis stabilisert kvikksølv, jf. nr. 1 bokstav f i dette vedlegget";Ja;Ja
Nivå;Kode;Beskrivelse;Registrerbar;Farlig
2;1904;"Forglasset avfall og avfall fra forglassing";Ja;Nei
Nivå;Kode;Beskrivelse;Registrerbar;Farlig
3;190401;"Forglasset avfall";Ja;Nei
Nivå;Kode;Beskrivelse;Registrerbar;Farlig
3;190402;"Flygeaske og annet avfall fra behandling av røykgass";Ja;Ja
Nivå;Kode;Beskrivelse;Registrerbar;Farlig
3;190403;"Ikke-forglasset fast fase";Ja;Ja
Nivå;Kode;Beskrivelse;Registrerbar;Farlig
3;190404;"Vandig flytende avfall fra herding av forglasset avfall";Ja;Nei
Nivå;Kode;Beskrivelse;Registrerbar;Farlig
2;1905;"Avfall fra aerob behandling av fast avfall";Ja;Nei
Nivå;Kode;Beskrivelse;Registrerbar;Farlig
3;190501;"Ikke-kompostert fraksjon av kommunalt avfall og lignende avfall";Ja;Nei
Nivå;Kode;Beskrivelse;Registrerbar;Farlig
3;190502;"Ikke-kompostert fraksjon av animalsk og vegetabilsk avfall";Ja;Nei
Nivå;Kode;Beskrivelse;Registrerbar;Farlig
3;190503;"Kompost som ikke er i samsvar med spesifikasjonene";Ja;Nei
Nivå;Kode;Beskrivelse;Registrerbar;Farlig
3;190599;"Avfall som ikke er spesifisert andre steder ";Ja;Nei
Nivå;Kode;Beskrivelse;Registrerbar;Farlig
2;1906;"Avfall fra anaerob behandling av avfall";Ja;Nei
Nivå;Kode;Beskrivelse;Registrerbar;Farlig
3;190601;"Utgått: §4.2)Slam fra anaerob behandling av kommunalt avfall og lignende avfall";Nei;Nei
Nivå;Kode;Beskrivelse;Registrerbar;Farlig
3;190602;"Utgått: §4.2)Slam fra anaerob behandling av animalsk og vegetabilsk avfall";Nei;Nei
Nivå;Kode;Beskrivelse;Registrerbar;Farlig
3;190603;"Avlut fra anaerob behandling av kommunalt avfall";Ja;Nei
Nivå;Kode;Beskrivelse;Registrerbar;Farlig
3;190604;"Fermenteringsrest fra anaerob behandling av kommunalt avfall";Ja;Nei
Nivå;Kode;Beskrivelse;Registrerbar;Farlig
3;190605;"Avlut fra anaerob behandling av animalsk og vegetabilsk avfall";Ja;Nei
Nivå;Kode;Beskrivelse;Registrerbar;Farlig
3;190606;"Fermenteringsrest fra anaerob behandling av animalsk og vegetabilsk avfall";Ja;Nei
Nivå;Kode;Beskrivelse;Registrerbar;Farlig
3;190699;"Avfall som ikke er spesifisert andre steder ";Ja;Nei
Nivå;Kode;Beskrivelse;Registrerbar;Farlig
2;1907;"Sigevann fra fyllplasser";Ja;Nei
Nivå;Kode;Beskrivelse;Registrerbar;Farlig
3;190701;"Utgått: §4.2)Sigevann fra fylling";Nei;Nei
Nivå;Kode;Beskrivelse;Registrerbar;Farlig
3;190702;"Sigevann fra fyllplasser som inneholder farlige stoffer";Ja;Ja
Nivå;Kode;Beskrivelse;Registrerbar;Farlig
3;190703;"Annet sigevann fra fyllplasser enn det nevnt i 19 07 02";Ja;Nei
Nivå;Kode;Beskrivelse;Registrerbar;Farlig
2;1908;"Avfall fra avløpsrenseanlegg som ikke er spesifisert andre steder";Ja;Nei
Nivå;Kode;Beskrivelse;Registrerbar;Farlig
3;190801;"Ristgods";Ja;Nei
Nivå;Kode;Beskrivelse;Registrerbar;Farlig
3;190802;"Sandfangavfall";Ja;Nei
Nivå;Kode;Beskrivelse;Registrerbar;Farlig
3;190803;"Utgått: Blandinger av olje og fett fra separering av olje/spillvann";Nei;Nei
Nivå;Kode;Beskrivelse;Registrerbar;Farlig
3;190804;"Utgått: §4.2)Slam fra behandling av spillvann fra industri";Nei;Nei
Nivå;Kode;Beskrivelse;Registrerbar;Farlig
3;190805;"Slam fra behandling av avløpsvann fra byområder";Ja;Nei
Nivå;Kode;Beskrivelse;Registrerbar;Farlig
3;190806;"Mettede eller brukte ionebytterharpikser";Ja;Ja
Nivå;Kode;Beskrivelse;Registrerbar;Farlig
3;190807;"Løsninger og slam fra regenerering av ionebyttere";Ja;Ja
Nivå;Kode;Beskrivelse;Registrerbar;Farlig
3;190808;"Avfall fra membransystemer som inneholder tungmetaller";Ja;Ja
Nivå;Kode;Beskrivelse;Registrerbar;Farlig
3;190809;"Blandinger av fett og olje fra olje/vann-separering som inneholder matolje og matfett";Ja;Nei
Nivå;Kode;Beskrivelse;Registrerbar;Farlig
3;190810;"Andre blandinger av fett og olje fra olje/vann-separering enn dem nevnt i 19 08 09";Ja;Ja
Nivå;Kode;Beskrivelse;Registrerbar;Farlig
3;190811;"Slam som inneholder farlige stoffer fra biologisk behandling av spillvann fra industri";Ja;Ja
Nivå;Kode;Beskrivelse;Registrerbar;Farlig
3;190812;"Annet slam fra biologisk behandling av spillvann fra industri enn det nevnt i 19 08 11";Ja;Nei
Nivå;Kode;Beskrivelse;Registrerbar;Farlig
3;190813;"Slam som inneholder farlige stoffer fra annen behandling av spillvann fra industri";Ja;Ja
Nivå;Kode;Beskrivelse;Registrerbar;Farlig
3;190814;"Annet slam fra annen behandling av spillvann fra industri enn det nevnt i 19 08 13";Ja;Nei
Nivå;Kode;Beskrivelse;Registrerbar;Farlig
3;190899;"Avfall som ikke er spesifisert andre steder ";Ja;Nei
Nivå;Kode;Beskrivelse;Registrerbar;Farlig
2;1909;"Avfall fra fremstilling av drikkevann eller vann til industriell bruk";Ja;Nei
Nivå;Kode;Beskrivelse;Registrerbar;Farlig
3;190901;"Fast avfall fra første filtrering og fra siling";Ja;Nei
Nivå;Kode;Beskrivelse;Registrerbar;Farlig
3;190902;"Slam fra vannklaring";Ja;Nei
Nivå;Kode;Beskrivelse;Registrerbar;Farlig
3;190903;"Avkarboneringsslam";Ja;Nei
Nivå;Kode;Beskrivelse;Registrerbar;Farlig
3;190904;"Brukt aktivt kull";Ja;Nei
Nivå;Kode;Beskrivelse;Registrerbar;Farlig
3;190905;"Mettede eller brukte ionebytterharpikser";Ja;Nei
Nivå;Kode;Beskrivelse;Registrerbar;Farlig
3;190906;"Løsninger og slam fra regenerering av ionebyttere";Ja;Nei
Nivå;Kode;Beskrivelse;Registrerbar;Farlig
3;190999;"Avfall som ikke er spesifisert andre steder ";Ja;Nei
Nivå;Kode;Beskrivelse;Registrerbar;Farlig
2;1910;"Avfall fra oppmaling av metallholdig avfall";Ja;Nei
Nivå;Kode;Beskrivelse;Registrerbar;Farlig
3;191001;"Avfall av jern og stål";Ja;Nei
Nivå;Kode;Beskrivelse;Registrerbar;Farlig
3;191002;"Ikke-jernholdig avfall";Ja;Nei
Nivå;Kode;Beskrivelse;Registrerbar;Farlig
3;191003;"Lett fraksjon og støv som inneholder farlige stoffer";Ja;Ja
Nivå;Kode;Beskrivelse;Registrerbar;Farlig
3;191004;"Annen lett fraksjon og støv enn dem nevnt i 19 10 03";Ja;Nei
Nivå;Kode;Beskrivelse;Registrerbar;Farlig
3;191005;"Andre fraksjoner som inneholder farlige stoffer";Ja;Ja
Nivå;Kode;Beskrivelse;Registrerbar;Farlig
3;191006;"Andre fraksjoner enn dem nevnt i 19 10 05";Ja;Nei
Nivå;Kode;Beskrivelse;Registrerbar;Farlig
2;1911;"Avfall fra regenerering av olje";Ja;Nei
Nivå;Kode;Beskrivelse;Registrerbar;Farlig
3;191101;"Brukte filtreringsleirer";Ja;Ja
Nivå;Kode;Beskrivelse;Registrerbar;Farlig
3;191102;"Syreholdig tjære";Ja;Ja
Nivå;Kode;Beskrivelse;Registrerbar;Farlig
3;191103;"Vandig flytende avfall";Ja;Ja
Nivå;Kode;Beskrivelse;Registrerbar;Farlig
3;191104;"Avfall fra rensing av brenselolje med baser";Ja;Ja
Nivå;Kode;Beskrivelse;Registrerbar;Farlig
3;191105;"Slam fra behandling av avløpsvann på produksjonsstedet som inneholder farlige stoffer";Ja;Ja
Nivå;Kode;Beskrivelse;Registrerbar;Farlig
3;191106;"Annet slam fra behandling av avløpsvann på produksjonsstedet enn det nevnt i 19 11 05";Ja;Nei
Nivå;Kode;Beskrivelse;Registrerbar;Farlig
3;191107;"Avfall fra rensing av røykgass";Ja;Ja
Nivå;Kode;Beskrivelse;Registrerbar;Farlig
3;191199;"Avfall som ikke er spesifisert andre steder";Ja;Nei
Nivå;Kode;Beskrivelse;Registrerbar;Farlig
2;1912;"Avfall fra mekanisk behandling av avfall (f.eks. sortering, knusing, komprimering, pelletering) som ikke er spesifisert andre steder";Ja;Nei
Nivå;Kode;Beskrivelse;Registrerbar;Farlig
3;191201;"Papir og papp/kartong";Ja;Nei
Nivå;Kode;Beskrivelse;Registrerbar;Farlig
3;191202;"Ferrometall";Ja;Nei
Nivå;Kode;Beskrivelse;Registrerbar;Farlig
3;191203;"Ikke-jernholdig metall";Ja;Nei
Nivå;Kode;Beskrivelse;Registrerbar;Farlig
3;191204;"Plast og gummi";Ja;Nei
Nivå;Kode;Beskrivelse;Registrerbar;Farlig
3;191205;"Glass";Ja;Nei
Nivå;Kode;Beskrivelse;Registrerbar;Farlig
3;191206;"Tre som inneholder farlige stoffer";Ja;Ja
Nivå;Kode;Beskrivelse;Registrerbar;Farlig
3;191207;"Annet tre enn det nevnt i 19 12 06";Ja;Nei
Nivå;Kode;Beskrivelse;Registrerbar;Farlig
3;191208;"Tekstil";Ja;Nei
Nivå;Kode;Beskrivelse;Registrerbar;Farlig
3;191209;"Mineraler (f.eks. sand, stein)";Ja;Nei
Nivå;Kode;Beskrivelse;Registrerbar;Farlig
3;191210;"Brennbart avfall (avfallsbasert brensel)";Ja;Nei
Nivå;Kode;Beskrivelse;Registrerbar;Farlig
3;191211;"Annet avfall (herunder blandinger av materialer) fra mekanisk behandling av avfall som inneholder farlige stoffer";Ja;Ja
Nivå;Kode;Beskrivelse;Registrerbar;Farlig
3;191212;"Annet avfall (herunder blandinger av materialer) fra mekanisk behandling av avfall enn det nevnt i 19 12 11";Ja;Nei
Nivå;Kode;Beskrivelse;Registrerbar;Farlig
2;1913;"Avfall fra remediering av jord og grunnvann";Ja;Nei
Nivå;Kode;Beskrivelse;Registrerbar;Farlig
3;191301;"Fast avfall fra remediering av jord som inneholder farlige stoffer";Ja;Ja
Nivå;Kode;Beskrivelse;Registrerbar;Farlig
3;191302;"Annet fast avfall fra remediering av jord enn det nevnt i 19 13 01";Ja;Nei
Nivå;Kode;Beskrivelse;Registrerbar;Farlig
3;191303;"Slam fra remediering av jord som inneholder farlige stoffer";Ja;Ja
Nivå;Kode;Beskrivelse;Registrerbar;Farlig
3;191304;"Annet slam fra remediering av jord enn det nevnt i 19 13 03";Ja;Nei
Nivå;Kode;Beskrivelse;Registrerbar;Farlig
3;191305;"Slam fra remediering av grunnvann som inneholder farlige stoffer";Ja;Ja
Nivå;Kode;Beskrivelse;Registrerbar;Farlig
3;191306;"Annet slam fra remediering av grunnvann enn det nevnt i 19 13 05";Ja;Nei
Nivå;Kode;Beskrivelse;Registrerbar;Farlig
3;191307;"Vandig flytende avfall og vandige konsentrater fra remediering av grunnvann som inneholder farlige stoffer";Ja;Ja
Nivå;Kode;Beskrivelse;Registrerbar;Farlig
3;191308;"Annet vandig flytende avfall og vandige konsentrater fra remediering av grunnvann enn det nevnt i 19 13 07";Ja;Nei
Nivå;Kode;Beskrivelse;Registrerbar;Farlig
1;20;"Kommunalt avfall (husholdningsavfall og lignende avfall fra handel, industri og institusjoner) herunder separat innsamlede fraksjoner";Ja;Nei
Nivå;Kode;Beskrivelse;Registrerbar;Farlig
2;2001;"Separat innsamlede fraksjoner (unntatt 15 01)";Ja;Nei
Nivå;Kode;Beskrivelse;Registrerbar;Farlig
3;200101;"Papir og papp/kartong";Ja;Nei
Nivå;Kode;Beskrivelse;Registrerbar;Farlig
3;200102;"Glass";Ja;Nei
Nivå;Kode;Beskrivelse;Registrerbar;Farlig
3;200103;"Utgått: §4.2)Plastavfall i små deler";Nei;Nei
Nivå;Kode;Beskrivelse;Registrerbar;Farlig
3;200104;"Utgått: §4.2)Annen plast";Nei;Nei
Nivå;Kode;Beskrivelse;Registrerbar;Farlig
3;200105;"Utgått: §4.2)Metall i små deler (hermetikkbokser osv.)";Nei;Nei
Nivå;Kode;Beskrivelse;Registrerbar;Farlig
3;200106;"Utgått: §4.2)Annet metall";Nei;Nei
Nivå;Kode;Beskrivelse;Registrerbar;Farlig
3;200107;"Utgått: §4.2)Tre";Nei;Nei
Nivå;Kode;Beskrivelse;Registrerbar;Farlig
3;200108;"Biologisk nedbrytbart kjøkken- og kantineavfall";Ja;Nei
Nivå;Kode;Beskrivelse;Registrerbar;Farlig
3;200109;"Utgått: §4.2)Olje og fett";Nei;Nei
Nivå;Kode;Beskrivelse;Registrerbar;Farlig
3;200110;"Klær";Ja;Nei
Nivå;Kode;Beskrivelse;Registrerbar;Farlig
3;200111;"Tekstiler";Ja;Nei
Nivå;Kode;Beskrivelse;Registrerbar;Farlig
3;200112;"Utgått: Maling, trykkfarger, lim og harpikser";Nei;Nei
Nivå;Kode;Beskrivelse;Registrerbar;Farlig
3;200113;"Løsemidler";Ja;Ja
Nivå;Kode;Beskrivelse;Registrerbar;Farlig
3;200114;"Syrer";Ja;Ja
Nivå;Kode;Beskrivelse;Registrerbar;Farlig
3;200115;"Baser";Ja;Ja
Nivå;Kode;Beskrivelse;Registrerbar;Farlig
3;200116;"Utgått: §4.2)Rengjøringsmidler";Nei;Nei
Nivå;Kode;Beskrivelse;Registrerbar;Farlig
3;200117;"Fotografiske kjemikalier";Ja;Ja
Nivå;Kode;Beskrivelse;Registrerbar;Farlig
3;200118;"Utgått: §4.2)Medisiner";Nei;Nei
Nivå;Kode;Beskrivelse;Registrerbar;Farlig
3;200119;"Pesticider";Ja;Ja
Nivå;Kode;Beskrivelse;Registrerbar;Farlig
3;200120;"Utgått: §4.2)Batterier og akkumulatorer";Nei;Nei
Nivå;Kode;Beskrivelse;Registrerbar;Farlig
3;200121;"Lysstoffrør og annet kvikksølvholdig avfall";Ja;Ja
Nivå;Kode;Beskrivelse;Registrerbar;Farlig
3;200122;"Utgått: §4.2)Aerosoler";Nei;Nei
Nivå;Kode;Beskrivelse;Registrerbar;Farlig
3;200123;"Kassert utstyr som inneholder klorfluorkarboner";Ja;Ja
Nivå;Kode;Beskrivelse;Registrerbar;Farlig
3;200124;"Utgått: §4.2)Elektronisk utstyr (f. eks. trykte kretskort)";Nei;Nei
Nivå;Kode;Beskrivelse;Registrerbar;Farlig
3;200125;"Matolje og matfett";Ja;Nei
Nivå;Kode;Beskrivelse;Registrerbar;Farlig
3;200126;"Annen olje og annet fett enn det nevnt i 20 01 25";Ja;Ja
Nivå;Kode;Beskrivelse;Registrerbar;Farlig
3;200127;"Maling, trykkfarger, klebemidler og harpikser som inneholder farlige stoffer";Ja;Ja
Nivå;Kode;Beskrivelse;Registrerbar;Farlig
3;200128;"Annen maling og andre trykkfarger, klebemidler og harpikser enn dem nevnt i 20 01 27";Ja;Nei
Nivå;Kode;Beskrivelse;Registrerbar;Farlig
3;200129;"Rengjøringsmidler som inneholder farlige stoffer";Ja;Ja
Nivå;Kode;Beskrivelse;Registrerbar;Farlig
3;200130;"Andre rengjøringsmidler enn dem nevnt i 20 01 29";Ja;Nei
Nivå;Kode;Beskrivelse;Registrerbar;Farlig
3;200133;"Batterier og akkumulatorer som omfattes av 16 06 01, 16 06 02 eller 16 06 03 og usorterte batterier og akkumulatorer som inneholder slike batterier";Ja;Ja
Nivå;Kode;Beskrivelse;Registrerbar;Farlig
3;200134;"Andre batterier og akkumulatorer enn dem nevnt i 20 01 33";Ja;Nei
Nivå;Kode;Beskrivelse;Registrerbar;Farlig
3;200135;"Annet kassert elektrisk og elektronisk utstyr enn det nevnt i 20 01 21 og 21 01 23 som inneholder farlige komponenter";Ja;Ja
Nivå;Kode;Beskrivelse;Registrerbar;Farlig
3;200136;"Annet kassert elektrisk og elektronisk utstyr enn det nevnt i 20 01 21, 20 01 23 og 20 01 35";Ja;Nei
Nivå;Kode;Beskrivelse;Registrerbar;Farlig
3;200137;"Tre som inneholder farlige stoffer";Ja;Ja
Nivå;Kode;Beskrivelse;Registrerbar;Farlig
3;200138;"Annet tre enn det nevnt i 20 01 37";Ja;Nei
Nivå;Kode;Beskrivelse;Registrerbar;Farlig
3;200139;"Plast";Ja;Nei
Nivå;Kode;Beskrivelse;Registrerbar;Farlig
3;200140;"Metall";Ja;Nei
Nivå;Kode;Beskrivelse;Registrerbar;Farlig
3;200141;"Avfall fra skorsteinsfeiing";Ja;Nei
Nivå;Kode;Beskrivelse;Registrerbar;Farlig
3;200199;"Andre fraksjoner som ikke er spesifisert andre steder";Ja;Nei
Nivå;Kode;Beskrivelse;Registrerbar;Farlig
2;2002;"Hage- og parkavfall (herunder gravlundsavfall)";Ja;Nei
Nivå;Kode;Beskrivelse;Registrerbar;Farlig
3;200201;"Biologisk nedbrytbart avfall";Ja;Nei
Nivå;Kode;Beskrivelse;Registrerbar;Farlig
3;200202;"Jord og stein";Ja;Nei
Nivå;Kode;Beskrivelse;Registrerbar;Farlig
3;200203;"Annet avfall som ikke er biologisk nedbrytbart";Ja;Nei
Nivå;Kode;Beskrivelse;Registrerbar;Farlig
2;2003;"Annet kommunalt avfall";Ja;Nei
Nivå;Kode;Beskrivelse;Registrerbar;Farlig
3;200301;"Blandet kommunalt avfall";Ja;Nei
Nivå;Kode;Beskrivelse;Registrerbar;Farlig
3;200302;"Torgavfall";Ja;Nei
Nivå;Kode;Beskrivelse;Registrerbar;Farlig
3;200303;"Avfall fra gaterengjøring";Ja;Nei
Nivå;Kode;Beskrivelse;Registrerbar;Farlig
3;200304;"Slam fra septiktanker";Ja;Nei
Nivå;Kode;Beskrivelse;Registrerbar;Farlig
3;200305;"Utgått: §4.2)Kjøretøy tatt ut av drift";Nei;Nei
Nivå;Kode;Beskrivelse;Registrerbar;Farlig
3;200306;"Avfall fra kloakkrensing";Ja;Nei
Nivå;Kode;Beskrivelse;Registrerbar;Farlig
3;200307;"Voluminøst avfall";Ja;Nei
Nivå;Kode;Beskrivelse;Registrerbar;Farlig
3;200399;"Kommunalt avfall som ikke er spesifisert andre steder";Ja;Nei
